cadence,eyeMoveRout,focus,blink,sleepy
0,0,0,0,0
0,0,0,0,0
0,0,0,0,0
0,0,0,0,0
0,0,0,0,0
0,0,0,0,0
0,0,0,0,0
0,0,0,0,0
0,0,0,0,0
0,0,0,0,0
0,0,0,0,0
0,0,2,3.050847,0
0,8.780487,2,16.09756,0
0,6.521739,1,26.08696,0
0,7.317073,2,14.63415,2
118,4.615385,0,64.61539,0
108,21.6,0,9.599999,0
115,20,0,52,0
118,23.75,0,52.5,0
118,16.36364,0,44.72727,0
113,7.636364,0,44.72727,0
111,11.02041,0,36.7347,0
109,7.5,0,37.5,0
113,5.853658,0,61.46341,0
114,28.84615,0,61.15384,0
116,27,0,52.5,0
117,7.5,0,52.5,0
123,23.33333,0,81.66667,0
119,15.78947,0,69.47369,0
120,21.66667,0,60,0
120,15.78947,0,75.78947,0
117,8.275862,0,57.93103,0
114,17.72727,0,42.27273,0
114,2.142857,0,43.92857,0
113,1,0,37,0
112,5.172414,0,41.37931,0
114,8.108108,0,56.75676,0
115,7.346939,0,71.02041,0
111,2.4,0,60,0
101,3.157895,0,35.78947,0
113,7.777778,0,35.55556,0
113,4.285715,0,15.71429,0
152,13.46939,0,19.59184,0
0,0,2,2,1
0,0,2,0,1
0,0,0,0,0
0,0,0,0,0
0,0,2,4,1
0,0,2,0,1
0,0,0,0,0
0,0,2,1,1
0,0,2,2,1
0,0,2,1,1
0,0,2,1,3
0,0,2,1,3
0,0,2,0,3
0,0,0,0,0
0,0,0,0,0
0,0,0,0,0
0,0,0,0,0
0,0,2,1,3
0,0,2,6,3
0,0,2,4,3
0,0,2,0,3
0,0,2,3,1
0,0,2,0,1
0,0,2,10,1
0,0,2,6,1
0,0,2,0,1
0,0,2,3,1
0,0,2,2,1
0,0,2,2,1
0,0,2,2,1
0,0,2,0,1
0,0,0,0,0
0,0,2,1,1
0,0,2,0,1
0,0,0,0,0
0,5.084746,2,9.152542,1
0,0,2,2.068965,1
0,0,2,1,1
0,9.333334,2,6.666667,1
111,26.89655,0,24.82759,0
0,5.106383,1,14.04255,1
0,7.2,2,7.2,1
0,1.333333,1,13.33333,1
0,0,2,8,1
0,0,2,3,1
0,0,2,0,1
0,0,0,0,0
0,0,0,0,0
0,1,2,5,1
122,32.43243,0,25.94595,0
114,19.56522,0,45.65217,0
103,13.95349,0,34.88372,0
94,3.67347,0,35.5102,0
88,14.21053,0,20.52632,0
0,10,0,30,0
0,16.74419,1,20.93023,3
0,7.659575,1,26.80851,2
0,8.135593,2,32.54237,2
0,3.636364,2,34.54545,1
100,21.42857,0,38.57143,0
0,7.272727,0,25.45455,0
0,1.276596,2,3.829787,1
0,0,2,0,2
0,1,2,3,1
0,0,2,1,3
0,0,2,1.153846,2
0,1,2,3,2
0,0,2,2,1
0,2.068965,2,0,1
0,0,2,1,1
0,0,2,0,1
0,0,0,0,0
0,0,2,2,1
0,0,2,4,1
0,0,2,1,1
0,0,2,0,1
0,0,2,1,1
0,0,2,5,1
0,0,2,1,1
0,0,2,0,1
0,0,0,0,0
0,1,0,0,0
0,0,2,2,1
0,1,2,2,1
0,0,2,1,1
0,0,2,2,1
0,3.333333,2,13.33333,1
0,5.357143,2,21.42857,3
0,1,2,13,2
0,2.44898,1,19.59184,1
0,2.926829,1,19.02439,1
0,1.463415,2,8.780487,1
0,2.790698,1,22.32558,1
0,1,1,12,1
0,0,1,11,1
0,2.44898,2,6.122449,1
0,4,2,0,1
0,4.444445,2,17.77778,1
0,2.033898,2,10.16949,2
0,5.172414,2,1.034483,1
0,4.444445,1,16.66667,1
0,1.395349,1,20.93023,1
0,12.69231,2,11.53846,1
0,2,1,18,1
0,1.25,1,12.5,1
0,1.132076,1,9.056604,1
0,3.6,2,15.6,1
0,0,2,2.033898,2
0,0,2,3,3
0,0,2,1,3
0,2.033898,2,2.033898,1
0,2.068965,2,3.103448,1
0,0,2,7,1
0,1.016949,2,1.016949,3
0,2.033898,2,2.033898,3
0,1.016949,2,5.084746,3
0,1,2,4,3
0,7.659575,2,10.21277,2
0,0,1,28.16327,1
0,2.553191,1,30.6383,1
0,0,1,18,1
0,0,1,18,1
0,0,1,21,1
0,2.5,1,21.25,1
0,0,1,16.84211,1
0,0,2,22.8,1
0,5.454545,2,21.81818,1
0,6.521739,1,22.17391,1
0,1.034483,1,26.89655,1
0,10,2,11.25,2
0,7.142857,1,14.28571,1
0,6,1,14,1
0,4.615385,1,13.84615,2
0,0,2,9.642857,1
0,1.111111,1,23.33333,1
0,0,2,24.64286,1
0,3.243243,2,24.32432,1
111,11.32076,0,39.62264,0
111,9.599999,0,36,0
118,5,0,28.33333,0
0,5.333333,1,28,1
112,1.22449,0,30.61224,0
114,10,0,50,0
119,9.545454,0,36.81818,0
124,14.04255,0,45.95745,0
114,2.608696,0,28.69565,0
122,4.363636,0,37.09091,0
0,2.44898,1,17.14286,1
0,1.304348,2,9.130434,1
0,6.857143,2,24,1
0,5.853658,1,19.02439,2
0,6.521739,1,24.78261,1
0,8.93617,1,24.25532,1
0,3.67347,1,20.81633,3
0,2.4,2,24,3
0,2.264151,2,22.64151,2
0,3.214286,2,36.42857,3
0,4.285715,1,24.28572,2
0,9.230769,2,30,3
0,4.090909,1,42.27273,3
0,3.157895,2,33.68421,2
0,1.034483,1,24.82759,2
0,0,1,24.78261,2
0,2.222222,2,14.44444,2
121,5,0,33.75,0
0,1.25,1,15,1
0,5.660378,2,35.09434,2
0,6.545455,1,16.36364,1
113,5.217391,0,41.73913,0
0,0,1,29.30233,2
0,13.63636,1,35.45454,2
140,1.666667,0,18.33333,0
0,2.068965,2,2.068965,2
0,0,3,11.18644,2
0,0,3,8,1
0,3.272727,2,9.818181,1
0,0,2,27.16981,1
0,0,1,20.42553,1
0,1.132076,2,38.49057,2
0,0,1,26.89655,2
0,1.071429,1,32.14286,2
0,0,2,28.92857,2
0,0,2,14.11765,1
0,2.142857,2,23.57143,1
0,1.052632,2,31.57895,1
0,0,1,17.72727,1
0,2.181818,2,33.81818,2
0,1.25,1,30,1
0,5.581395,1,26.51163,1
119,2.181818,0,30.54545,0
0,5.853658,1,19.02439,1
129,3.529412,0,45.88235,0
0,2.307692,2,20.76923,1
113,4.705883,0,32.94118,0
122,16.66667,0,40,0
164,13.84615,0,51.92308,0
127,12.22222,0,44.44444,0
0,13.17073,1,20.4878,2
119,8.108108,0,37.29729,0
0,2.666667,1,28,2
0,2.307692,2,30,1
0,3.157895,2,25.26316,1
0,4.363636,1,18.54545,1
0,0,1,18.36735,1
0,2.181818,2,27.27273,2
0,1.071429,1,26.78571,1
0,0,1,31.25,1
0,1.153846,2,30,1
0,9.230769,1,18.46154,1
0,3.157895,2,2.105263,2
0,2,2,1,1
0,2,2,5,1
0,1,2,2,1
0,3,2,3,2
0,11.37931,2,4.137931,3
0,3.103448,2,4.137931,3
0,1,2,1,3
0,3,2,1,1
0,1,2,3,2
0,2,2,1,1
0,7.924529,2,4.528302,1
0,1.034483,1,18.62069,1
0,5.555555,2,1.111111,1
0,0,2,0,1
0,1.034483,2,3.103448,1
0,2.068965,2,2.068965,1
0,1,2,1,1
0,2.033898,2,1.016949,1
0,2.068965,2,0,1
0,0,2,1.016949,1
0,5,2,9,1
0,2,2,8,1
0,0,2,0,1
0,3,2,1,1
0,8.076923,2,2.307692,1
0,0,2,1,1
0,0,2,0,1
0,0,0,0,0
0,0,0,0,0
0,0,0,0,0
0,0,2,1,2
0,0,2,0,2
0,0,0,0,0
0,3.050847,2,3.050847,1
0,1.052632,2,0,1
0,0,0,0,0
0,0,0,0,0
0,0,0,0,0
0,0,0,0,0
0,0,0,0,0
0,0,0,0,0
0,0,0,0,0
0,0,0,0,0
0,0,0,0,0
0,0,0,0,0
0,0,0,0,0
0,0,0,0,0
0,0,0,0,0
0,0,0,0,0
0,0,0,0,0
0,0,0,0,0
0,1.016949,0,0,0
0,0,0,0,0
0,2,0,0,0
0,0,0,0,0
0,0,2,1,1
0,1,2,0,1
0,1.034483,0,0,0
0,2,2,1,1
0,4.615385,2,18.46154,1
0,1,1,15,1
0,0,1,15.78947,1
0,1.111111,2,25.55556,1
0,0,2,23.77358,1
0,0,1,14.23729,1
0,0,1,18.30508,0
0,1.153846,2,19.61539,0
0,0,2,18.46154,0
123,4.285715,0,42.85714,0
123,12,0,54,0
117,2.307692,0,16.15385,0
116,13.17073,0,36.58537,0
112,24.70588,0,32.94118,0
120,4.8,0,31.2,0
0,3.272727,2,24,0
0,0,2,11.37931,0
0,0,1,22.5,1
0,0,1,24,1
0,1.666667,1,18.33333,1
0,17.77778,1,16.66667,1
0,2.068965,2,15.51724,2
0,3.461539,2,20.76923,2
0,8.75,1,15,3
0,2.068965,2,2.068965,1
0,1,2,13,2
0,18.94737,2,4.210526,1
0,24.21053,2,14.73684,1
0,15,2,13,1
0,21.08108,2,22.7027,3
0,28.5,1,25.5,2
0,22.75862,1,23.7931,1
0,30.52632,2,15.78947,1
0,31.52542,1,9.152542,1
0,11.78571,2,4.285715,1
0,5.769231,2,12.69231,1
0,11.57895,1,14.73684,1
0,3.67347,1,17.14286,1
0,0,1,21.25,1
0,2.44898,1,25.71429,1
0,2.857143,1,37.14286,2
0,6.545455,2,22.90909,3
0,17.14286,2,8.571429,3
0,3.157895,0,12.63158,0
0,31.2,2,16.8,2
0,30,2,15,2
0,0,0,12,0
0,0,0,10.90909,0
0,5.142857,0,6.857143,0
0,0,2,10.16949,1
0,0,1,15,2
0,0,2,5.882353,1
0,0,2,22.75862,2
0,0,2,2.105263,1
0,2.142857,2,2.142857,3
0,0,1,19.59184,3
0,2.181818,3,8.727272,3
0,0,1,13.22034,3
0,0,3,10,3
0,5.172414,1,11.37931,2
0,0,2,1,1
0,0,2,8,1
0,0,2,3,1
0,0,2,2.068965,1
0,0,2,4.528302,3
0,12,2,18,3
0,5.714286,1,11.42857,2
0,2.142857,2,4.285715,3
0,2,2,3,1
0,11.18644,2,4.067797,1
0,0,2,3,1
0,5.084746,2,8.135593,1
0,1.666667,2,35,3
0,0,2,33.68421,3
0,10.90909,2,16.36364,3
0,6.857143,0,15.42857,0
0,1.304348,1,18.26087,3
0,4.390244,1,10.2439,3
0,5.106383,2,7.659575,3
0,2.264151,1,10.18868,3
0,0,2,19.65517,1
0,2.608696,2,9.130434,1
0,4,1,12,1
0,9.599999,1,7.2,1
0,0,3,9.473684,1
0,1,1,12,1
0,0,1,13,2
0,0,3,8,2
0,0,3,5,2
0,0,2,3,3
0,0,2,6.101695,3
0,0,3,7,3
0,1.052632,1,20,3
0,0,1,17,3
0,0,2,8,3
0,0,1,9,1
0,0,2,21.35593,3
0,0,2,26,2
0,2.352941,2,4.705883,3
0,7.317073,1,13.17073,3
0,2.264151,3,5.660378,3
0,1.052632,2,3.157895,1
0,3.913043,1,18.26087,3
0,0,2,2,1
0,1,2,2,1
0,0,2,1,1
0,0,2,3,1
0,0,1,16,1
0,0,2,6,1
0,0,2,6.206897,1
0,0,3,6,1
0,0,3,0,1
0,0,3,8.888889,3
0,0,2,5.084746,3
0,0,3,11,3
0,5.714286,2,8.571429,3
0,0,2,20,3
0,9.599999,0,12,0
0,0,0,27.27273,0
0,6.666667,0,11.11111,0
0,3.75,0,26.25,0
0,2.4,2,30,3
113,3.243243,0,40.54054,0
0,3.333333,0,16.66667,0
117,2.608696,0,28.69565,0
106,15.65217,0,44.34783,0
96,6.521739,0,57.3913,0
91,7.5,0,49.5,0
92,12,0,26,0
93,3.243243,0,50.27027,0
106,18.62069,0,35.17242,0
116,8.888889,0,60,0
113,18.75,0,48.75,0
116,16,0,52,0
97,0,0,26.93878,0
118,10.18868,0,46.41509,0
113,13.04348,0,39.13044,0
117,26.89655,0,42.41379,0
117,20,0,41.17647,0
119,12.5,0,43.75,0
117,23.26531,0,35.5102,0
112,11,0,39,0
117,18.54545,0,48,0
115,18.30508,0,46.77966,0
115,18,0,34.5,0
114,12.55814,0,46.04651,0
114,12.85714,0,54.28571,0
114,16.59575,0,54.89362,0
112,13.92857,0,57.85714,0
100,24.61539,0,36.92308,0
106,19.56522,0,43.04348,0
110,4.528302,0,46.41509,0
107,4.363636,0,36,0
107,4.186047,0,40.46512,0
110,2.068965,0,16.55172,0
110,2.181818,0,26.18182,0
111,7.317073,0,40.97561,0
102,6.382979,0,29.3617,0
0,8.333334,0,11.66667,0
0,3.829787,1,22.97872,2
0,12.2449,1,33.06122,1
118,5.714286,0,34.28572,0
105,0,0,38.29787,0
109,16.66667,0,46.66667,0
105,1.090909,0,39.27272,0
87,3,0,31.5,0
0,0,1,32,2
0,0,1,32.30769,3
0,1.621622,0,32.43243,0
0,0,1,24,2
0,2.608696,1,18.26087,2
0,2.926829,1,32.19512,2
0,7.058824,1,21.17647,2
0,0,1,33.48837,2
0,2.666667,1,22.66667,2
0,0,1,0,2
0,0,2,8.75,1
0,0,2,1,1
0,0,2,3.157895,1
0,1.071429,2,3.214286,1
96,0,0,0,0
0,1.578947,0,14.21053,0
92,0,0,26.15385,0
0,2.307692,2,34.61538,1
0,0,2,39.27272,1
97,2.608696,0,31.30435,0
85,0,0,30.81081,0
91,3.076923,0,35.38462,0
102,3.333333,0,31.66667,0
110,7.5,0,33.75,0
110,3.636364,0,47.27273,0
102,4.285715,0,55.71428,0
107,0,0,8.780487,0
0,0,2,3.829787,1
0,0,2,33.33334,2
0,0,2,46.15385,2
0,0,0,60,0
0,1.621622,0,32.43243,0
0,0,1,11.32076,2
0,1.25,1,30,2
0,1,2,24,3
0,2,2,15,3
0,1,2,4,3
0,1.071429,2,15,3
0,1,3,19,3
0,1.111111,2,11.11111,3
0,1,3,8,3
0,1.090909,2,17.45454,3
0,0,2,9.642857,3
0,0,2,10,3
0,17.77778,2,24.44444,3
0,2.5,1,10,3
97,6.486486,0,27.56757,0
105,2.222222,0,31.11111,0
108,9.818181,0,45.81818,0
113,27,0,46,0
117,15.78947,0,53.68421,0
116,18.82353,0,45.88235,0
111,14.23729,0,33.55932,0
110,22.10526,0,35.78947,0
116,12.85714,0,34.28572,0
108,20.37736,0,40.75472,0
107,7.2,0,28.8,0
0,9.230769,2,19.61539,3
0,6,1,30,1
95,3.157895,0,26.31579,0
0,2.033898,1,14.23729,2
0,0,1,10.90909,1
0,1.25,1,13.75,1
0,0,1,15,1
0,0,2,24,2
0,0,2,22,2
0,0,2,7,3
0,2,3,10,2
0,0,3,9,3
0,0,2,6,3
0,0,2,14,3
0,0,3,9,3
0,1,2,18,1
0,2,2,28,1
0,0,3,15,2
0,3,2,39,3
0,1.2,2,4.8,3
106,2,0,12,0
0,0,1,19.59184,3
0,0,1,16.95652,1
0,1.034483,2,25.86207,2
100,0,0,32.30769,0
99,5.217391,0,20.86957,0
95,25,0,35,0
99,5.142857,0,27.42857,0
0,8.571429,0,34.28572,0
0,1.463415,1,35.12195,2
0,5.581395,1,19.53488,2
104,20,0,25.71429,0
0,6,0,22,0
0,2,0,48,0
0,0,0,31.42857,0
0,0,0,37.5,0
92,6.206897,0,16.55172,0
113,4.615385,0,36.92308,0
0,2.608696,0,28.69565,0
0,0,0,36.52174,0
0,1.666667,0,41.66666,0
95,4,0,30.66667,0
0,12,0,33,0
0,7.692308,0,27.69231,0
93,6,0,30,0
0,0,0,22.5,0
0,4.285715,0,25.71429,0
98,5.454545,0,38.18182,0
90,0,0,23.33333,0
0,0,1,17.87234,1
0,0,1,25.16129,1
102,3,0,36,0
116,6,0,52,0
0,7.346939,1,35.5102,2
0,9.130434,1,26.08696,2
0,13.33333,1,13.33333,2
94,15,0,18.75,0
0,0,1,28.5,3
0,3,1,54,2
0,0,0,55.86207,0
0,0,0,62.6087,0
0,0,0,54.54546,0
0,0,0,31.11111,0
0,2.222222,0,22.22222,0
92,10,0,21.42857,0
0,11.53846,0,41.53846,0
0,27.27273,0,32.72727,0
94,5,0,52.5,0
0,9.767442,1,39.06977,2
0,10.90909,1,32.72727,2
0,7.826087,0,44.34783,0
0,0,0,30,0
0,15,0,37.5,0
0,31.30435,0,33.91304,0
0,12,0,25.71429,0
101,6.206897,0,26.89655,0
95,3.157895,0,44.21053,0
89,4.285715,0,38.57143,0
99,0,0,17.14286,0
100,0,0,28.57143,0
0,13.17073,1,38.04878,2
0,5.581395,1,51.62791,2
0,0,2,31.57895,2
0,0,2,36.42857,1
0,6,2,58.8,1
0,3.636364,2,30.90909,1
94,2.608696,0,45.65217,0
90,1.071429,1,24.64286,1
0,3.6,1,21.6,2
0,10,1,30,2
93,15.78947,0,15.78947,0
97,9.473684,0,22.10526,0
109,0,0,28.57143,0
91,15.78947,0,22.10526,0
97,0,0,42.85714,0
0,4.8,2,21.6,3
0,1.304348,1,22.17391,2
0,1.714286,1,18.85714,2
107,0,0,49.09091,0
94,6.666667,0,20,0
0,20.86957,0,31.30435,0
100,3.913043,0,31.30435,0
100,5.357143,0,41.78572,0
92,3.214286,0,47.14286,0
101,3.529412,0,74.11765,0
107,9.333334,0,44,0
101,10.90909,0,27.27273,0
0,0,0,56.84211,0
0,0,0,54,0
0,18,0,66,0
106,10.2439,0,55.60976,0
114,7.659575,0,44.68085,0
114,8.135593,0,45.76271,0
114,3.333333,0,45.55556,0
116,8.421053,0,49.47369,0
112,3.272727,0,27.27273,0
113,10.71429,0,36.42857,0
113,23.7931,0,44.48276,0
114,27.93104,0,60,0
115,34.57627,0,45.76271,0
110,18.94737,0,45.26316,0
94,4.137931,0,27.93104,0
0,1,1,24,1
0,1.071429,1,16.07143,1
0,1.090909,2,28.36364,1
0,3.333333,1,17.77778,1
0,2.105263,1,24.21053,1
0,4.210526,1,16.84211,1
0,0,1,15.78947,1
0,1.071429,1,16.07143,1
118,18.26087,0,20.86957,0
111,15,0,49.09091,0
99,13.54839,0,38.70967,0
0,16.15385,0,36.92308,0
0,7.142857,1,32.85714,1
0,8.571429,1,30.61224,1
0,1.538462,1,23.07692,1
0,2.857143,1,20,2
0,1.304348,1,23.47826,2
0,2.5,1,20,1
0,6,2,19.2,1
0,0,2,25,1
0,3.6,2,20.4,1
0,1.363636,1,20.45455,1
0,1.333333,1,22.66667,1
0,0,1,19.45946,1
0,1.363636,1,25.90909,1
0,3.75,1,23.75,1
0,2.142857,1,4.285715,1
0,3.636364,0,14.54545,0
0,3.870968,0,13.54839,0
0,5.714286,0,22.85714,0
0,1.714286,0,18.85714,0
0,0,0,23.07692,0
0,6.122449,1,25.71429,2
0,2.790698,1,29.30233,1
0,8,1,30.66667,2
0,2.5,1,20,2
0,14.21053,1,28.42105,2
0,2.142857,1,22.5,1
0,1.304348,1,30,2
0,5.714286,1,24.28572,2
0,7.826087,1,41.73913,3
0,3,1,19.5,2
0,8,1,34.66667,2
0,8.181818,1,21.81818,3
0,8.372093,1,33.48837,3
0,2.553191,1,20.42553,2
0,2.666667,1,18.66667,2
0,1.463415,1,19.02439,3
0,11.16279,1,26.51163,1
0,1.395349,1,23.72093,2
0,1.22449,1,14.69388,1
0,0,1,39.42857,1
0,3.157895,0,30,0
0,6.666667,1,26.66667,1
0,0,1,28.42105,1
0,1.463415,1,19.02439,1
0,4.444445,1,37.77778,3
0,2.727273,1,15,1
0,0,1,20,1
0,1.22449,1,23.26531,2
0,1.304348,1,22.17391,2
0,4,1,26.66667,1
0,1.25,1,26.25,2
0,1.363636,1,25.90909,2
0,3.428571,1,18.85714,2
0,6.25,1,28.75,2
0,2.553191,1,38.29787,3
0,2.142857,2,33.21428,3
0,8.4,2,24,2
0,5.714286,1,30,2
0,4.897959,1,41.63266,2
0,6.31579,1,41.05263,3
0,1.132076,2,20.37736,3
0,1.25,1,21.25,2
0,1.2,2,22.8,3
0,2.666667,1,28,2
0,7.826087,1,27.3913,2
0,0,2,21.81818,2
0,0,1,29.30233,2
0,6.666667,1,20,2
0,4.705883,2,28.23529,2
0,8.108108,2,25.94595,2
0,2.181818,1,12,2
0,4.615385,2,24.23077,2
0,5.769231,1,20.76923,2
0,5.714286,1,25.71429,3
0,0,1,26.08696,2
0,3.6,2,26.4,2
0,9.411765,2,20,2
0,2.181818,2,29.45455,2
0,5.555555,2,26.66667,2
0,5.294118,2,31.76471,2
0,3.6,2,27.6,2
0,12,1,29.33333,2
0,1.176471,2,31.76471,2
0,1.176471,2,29.41176,2
0,0,1,19.65517,2
0,2.5,1,28.75,2
0,3.67347,1,29.38776,2
0,5.454545,2,32.72727,3
0,13.33333,2,43.33333,2
0,4.285715,2,25.71429,3
0,9.818181,2,30.54545,3
0,10.52632,2,32.63158,3
0,3.829787,1,33.19149,2
0,9.767442,1,15.34884,2
0,3.829787,1,21.70213,2
0,0,1,25,2
0,2.105263,2,25.26316,2
0,4.528302,2,24.90566,1
0,3.272727,1,20.72727,2
0,2.181818,1,21.81818,2
0,3.67347,1,33.06122,2
0,12.22222,1,31.11111,2
0,2.44898,1,18.36735,2
0,1.176471,2,32.94118,2
0,1.333333,1,24,2
0,4.705883,2,34.11765,3
0,7.826087,1,45.65217,3
0,3.157895,2,38.94737,3
0,6.206897,1,19.65517,3
0,4.137931,2,30,3
0,5.357143,2,13.92857,3
0,3.913043,1,36.52174,3
0,4.705883,2,38.82353,3
0,5.660378,2,36.22642,3
0,13.17073,1,23.41463,3
0,1.304348,1,36.52174,2
0,0,2,28.92857,1
0,1.034483,1,23.7931,2
0,1.764706,1,24.70588,2
0,13.33333,0,20,0
0,0,1,46.04651,2
0,5,1,23.75,2
0,2.608696,1,28.69565,2
0,0,2,27.05882,2
0,7.2,2,20.4,2
0,0,2,31.15385,2
0,0,2,19.65517,2
0,2.44898,1,20.81633,2
0,2.105263,2,23.15789,2
0,1.153846,2,28.84615,2
0,1.153846,2,40.38462,3
0,1.034483,1,21.72414,2
0,1.153846,1,15,2
0,7.894737,1,28.42105,2
0,4.8,2,24,2
0,5.106383,1,22.97872,2
0,4.615385,2,41.53846,2
0,4.285715,2,33.21428,3
0,3.461539,2,35.76923,3
0,5.357143,2,24.64286,2
0,1.621622,2,43.78378,3
0,15.78947,0,30,0
0,3.243243,0,38.91892,0
0,5.357143,2,40.71428,3
0,3.103448,2,17.58621,2
0,0,0,0,0
0,0,0,0,0
0,0,0,0,0
0,0,0,0,0
0,0,0,0,0
0,0,0,0,0
0,0,0,0,0
0,0,0,0,0
0,0,0,0,0
0,0,0,0,0
0,0,0,0,0
0,0,0,0,0
0,0,0,0,0
0,0,0,0,0
0,0,0,0,0
0,0,0,0,0
0,0,0,0,0
0,0,0,0,0
0,0,0,0,0
0,0,0,0,0
0,0,0,0,0
0,0,0,0,0
0,0,0,0,0
0,0,0,0,0
0,0,0,0,0
0,0,0,0,0
0,0,0,0,0
0,0,0,0,0
0,0,0,0,0
0,0,0,0,0
0,0,0,0,0
0,0,0,0,0
0,0,0,0,0
0,0,0,0,0
0,0,0,0,0
0,0,0,0,0
0,0,0,0,0
0,0,0,0,0
0,0,0,0,0
0,0,0,0,0
0,0,0,0,0
0,0,0,0,0
0,0,0,0,0
0,0,0,0,0
0,0,0,0,0
0,0,0,0,0
0,0,0,0,0
0,0,0,0,0
0,0,0,0,0
0,0,0,0,0
0,0,0,0,0
0,0,0,0,0
0,0,0,0,0
0,0,0,0,0
0,0,0,0,0
0,0,0,0,0
0,0,0,0,0
0,0,0,0,0
0,0,0,0,0
0,0,0,0,0
0,0,0,0,0
0,0,0,0,0
0,0,0,0,0
0,0,0,0,0
0,0,0,0,0
0,0,0,0,0
0,0,0,0,0
0,0,0,0,0
0,0,0,0,0
0,0,0,0,0
0,0,0,0,0
0,0,0,0,0
0,0,0,0,0
0,0,0,0,0
0,0,0,0,0
0,0,0,0,0
0,0,0,0,0
0,0,0,0,0
0,0,0,0,0
0,0,0,0,0
0,0,0,0,0
0,0,0,0,0
0,0,0,0,0
0,0,0,0,0
0,0,0,0,0
0,0,0,0,0
0,0,0,0,0
0,0,0,0,0
0,0,0,0,0
0,0,0,0,0
0,0,0,0,0
0,0,0,0,0
0,0,0,0,0
0,0,0,0,0
0,0,0,0,0
0,0,0,0,0
0,0,0,0,0
0,0,0,0,0
0,0,0,0,0
0,0,0,0,0
0,0,0,0,0
0,0,0,0,0
0,0,0,0,0
0,0,0,0,0
0,0,0,0,0
0,0,0,0,0
0,0,0,0,0
0,0,0,0,0
0,0,0,0,0
0,0,0,0,0
0,0,0,0,0
0,0,0,0,0
0,0,0,0,0
0,0,0,0,0
0,0,0,0,0
0,0,0,0,0
0,0,0,0,0
0,0,0,0,0
0,0,0,0,0
0,0,0,0,0
0,0,0,0,0
0,0,0,0,0
0,0,0,0,0
0,0,0,0,0
0,0,0,0,0
0,0,0,0,0
0,0,0,0,0
0,0,0,0,0
0,0,0,0,0
0,0,0,0,0
0,0,0,0,0
0,0,0,0,0
0,0,0,0,0
0,0,0,0,0
0,0,0,0,0
0,0,0,0,0
0,0,0,0,0
0,0,0,0,0
0,0,0,0,0
0,0,0,0,0
0,0,0,0,0
0,0,0,0,0
0,0,0,0,0
0,0,0,0,0
0,0,0,0,0
0,0,0,0,0
0,0,0,0,0
0,0,0,0,0
0,0,0,0,0
0,0,0,0,0
0,0,0,0,0
0,0,0,0,0
0,0,0,0,0
0,0,0,0,0
0,0,0,0,0
0,0,0,0,0
0,0,0,0,0
0,0,0,0,0
0,0,0,0,0
0,0,0,0,0
0,0,0,0,0
0,0,0,0,0
0,0,0,0,0
0,0,0,0,0
0,0,0,0,0
0,0,0,0,0
0,0,0,0,0
0,0,0,0,0
0,0,0,0,0
0,0,0,0,0
0,0,0,0,0
0,0,0,0,0
0,0,0,0,0
0,0,0,0,0
0,0,0,0,0
0,0,0,0,0
0,0,0,0,0
0,0,0,0,0
0,0,0,0,0
0,0,0,0,0
0,0,0,0,0
0,0,0,0,0
0,0,0,0,0
0,0,0,0,0
0,0,0,0,0
0,0,0,0,0
0,0,0,0,0
0,0,0,0,0
0,0,0,0,0
0,0,0,0,0
0,0,0,0,0
0,0,0,0,0
0,0,0,0,0
0,0,0,0,0
0,0,0,0,0
0,0,0,0,0
0,0,0,0,0
0,0,0,0,0
0,0,0,0,0
0,0,0,0,0
0,0,0,0,0
0,0,0,0,0
0,0,0,0,0
0,0,0,0,0
0,0,0,0,0
0,0,0,0,0
0,0,0,0,0
0,0,0,0,0
0,0,0,0,0
0,0,0,0,0
0,0,0,0,0
0,0,0,0,0
0,0,0,0,0
0,0,0,0,0
0,0,0,0,0
0,0,0,0,0
0,0,0,0,0
0,0,0,0,0
0,0,0,0,0
0,0,0,0,0
0,0,0,0,0
0,0,0,0,0
0,0,0,0,0
0,0,0,0,0
0,0,0,0,0
0,0,0,0,0
0,0,0,0,0
0,0,0,0,0
0,0,0,0,0
0,0,0,0,0
0,0,0,0,0
0,0,0,0,0
0,0,0,0,0
0,0,0,0,0
0,0,0,0,0
0,0,0,0,0
0,0,0,0,0
0,0,0,0,0
0,0,0,0,0
0,0,0,0,0
0,0,0,0,0
0,0,0,0,0
0,0,0,0,0
0,0,0,0,0
0,0,0,0,0
0,0,0,0,0
0,0,0,0,0
0,0,0,0,0
0,0,0,0,0
0,0,0,0,0
0,0,0,0,0
0,0,0,0,0
0,0,0,0,0
0,0,0,0,0
0,0,0,0,0
0,0,0,0,0
0,0,0,0,0
0,0,0,0,0
0,0,0,0,0
0,0,0,0,0
0,0,0,0,0
0,0,0,0,0
0,0,0,0,0
0,0,0,0,0
0,0,0,0,0
0,0,0,0,0
0,0,0,0,0
0,0,0,0,0
0,0,0,0,0
0,0,0,0,0
0,0,0,0,0
0,0,0,0,0
0,0,0,0,0
0,0,0,0,0
0,0,0,0,0
0,0,0,0,0
0,0,0,0,0
0,0,0,0,0
0,0,0,0,0
0,0,0,0,0
0,0,0,0,0
0,0,0,0,0
0,0,0,0,0
0,0,0,0,0
0,0,0,0,0
0,0,0,0,0
0,0,0,0,0
0,0,0,0,0
0,0,0,0,0
0,0,0,0,0
0,0,0,0,0
0,0,0,0,0
0,0,0,0,0
0,0,0,0,0
0,0,0,0,0
0,0,0,0,0
0,0,0,0,0
0,0,0,0,0
0,0,0,0,0
0,0,0,0,0
0,0,0,0,0
0,0,0,0,0
0,0,0,0,0
0,0,0,0,0
0,0,0,0,0
0,0,0,0,0
0,0,0,0,0
0,0,0,0,0
0,0,0,0,0
0,0,0,0,0
0,0,0,0,0
0,0,0,0,0
0,0,0,0,0
0,0,0,0,0
0,0,0,0,0
0,0,0,0,0
0,0,0,0,0
0,0,0,0,0
0,0,0,0,0
0,0,0,0,0
0,0,0,0,0
0,0,0,0,0
0,0,0,0,0
0,0,0,0,0
0,0,0,0,0
0,0,0,0,0
0,0,0,0,0
0,0,0,0,0
0,0,0,0,0
0,0,0,0,0
0,0,0,0,0
0,0,0,0,0
0,0,0,0,0
0,0,0,0,0
0,0,0,0,0
0,0,0,0,0
0,0,0,0,0
0,0,0,0,0
0,0,0,0,0
0,0,0,0,0
0,0,0,0,0
0,0,0,0,0
0,0,0,0,0
0,0,0,0,0
0,0,0,0,0
0,0,0,0,0
0,0,0,0,0
0,0,0,0,0
0,0,0,0,0
0,0,0,0,0
0,0,0,0,0
0,0,0,0,0
0,0,0,0,0
0,0,0,0,0
0,0,0,0,0
0,0,0,0,0
0,0,0,0,0
0,0,0,0,0
0,0,0,0,0
0,0,0,0,0
0,0,0,0,0
0,0,0,0,0
0,0,0,0,0
0,0,0,0,0
0,0,0,0,0
0,0,0,0,0
0,0,0,0,0
0,0,0,0,0
0,0,0,0,0
0,0,0,0,0
0,0,0,0,0
0,0,0,0,0
0,0,0,0,0
0,0,0,0,0
0,0,0,0,0
0,0,0,0,0
0,0,0,0,0
0,0,0,0,0
0,0,0,0,0
0,0,0,0,0
0,0,0,0,0
0,0,0,0,0
0,0,0,0,0
0,0,0,0,0
0,0,0,0,0
0,0,0,0,0
0,0,0,0,0
0,0,0,0,0
0,0,0,0,0
0,0,0,0,0
0,0,0,0,0
0,0,0,0,0
0,0,0,0,0
0,0,0,0,0
0,0,0,0,0
0,0,0,0,0
0,0,0,0,0
0,0,0,0,0
0,0,0,0,0
0,0,0,0,0
0,0,0,0,0
0,0,0,0,0
0,0,0,0,0
0,0,0,0,0
0,0,0,0,0
0,0,0,0,0
0,0,0,0,0
0,0,0,0,0
0,0,0,0,0
0,0,0,0,0
0,0,0,0,0
0,0,0,0,0
0,0,0,0,0
0,0,0,0,0
0,0,0,0,0
0,0,0,0,0
0,0,0,0,0
0,0,0,0,0
0,0,0,0,0
0,0,0,0,0
0,0,0,0,0
0,0,0,0,0
0,0,0,0,0
0,0,0,0,0
0,0,0,0,0
0,0,0,0,0
0,0,0,0,0
0,0,0,0,0
0,0,0,0,0
0,0,0,0,0
0,0,0,0,0
0,0,0,0,0
0,0,0,0,0
0,0,0,0,0
0,0,0,0,0
0,0,0,0,0
0,0,0,0,0
0,0,0,0,0
0,0,0,0,0
0,0,0,0,0
0,0,0,0,0
0,0,0,0,0
0,0,0,0,0
0,0,0,0,0
0,0,0,0,0
0,0,0,0,0
0,0,0,0,0
0,0,0,0,0
0,0,0,0,0
0,0,0,0,0
0,0,0,0,0
0,0,0,0,0
0,0,0,0,0
0,0,0,0,0
0,0,0,0,0
0,0,0,0,0
0,0,0,0,0
0,0,0,0,0
0,0,0,0,0
0,8.571429,2,6.122449,0
0,7.058824,2,8.235294,0
0,7.058824,1,18.82353,0
0,7.058824,2,22.35294,1
0,18,1,37.5,2
0,6,2,34.8,2
0,17.5,1,25,3
0,4.444445,2,27.77778,3
121,25.71429,0,25.71429,0
119,28.63636,0,58.63636,0
114,20.86957,0,45.65217,0
116,31.5,0,54,0
114,23.72093,0,48.83721,0
114,19.65517,0,51.72414,0
112,40.43478,0,36.52174,0
113,19.45946,0,66.48649,0
112,25,0,51.66667,0
106,23.72093,0,47.44186,0
102,23.07692,0,35.76923,0
0,4,0,30,0
0,8.372093,1,33.48837,3
93,11.6129,0,27.09677,0
0,2.5,1,16.25,3
111,13.33333,0,33.33334,0
108,15.48387,0,32.90322,0
115,37.89474,0,39.47368,0
114,19.56522,0,53.47826,0
115,36.31579,0,44.21053,0
114,22.17391,0,43.04348,0
110,28.8,0,36,0
108,5.882353,0,36.47059,0
0,9.545454,1,28.63636,2
0,0,1,24.70588,2
0,2.307692,2,30,2
0,8.75,1,25,2
0,5.714286,1,32.85714,2
0,7.142857,1,30,2
0,5.555555,2,33.33334,2
0,6.122449,1,24.4898,1
0,1.176471,2,34.11765,2
117,10.2439,0,40.97561,0
115,22.17391,0,54.78261,0
113,27.85714,0,51.42857,0
111,17.5,0,55,0
110,17.77778,0,62.22222,0
108,18.75,0,30,0
103,39.47368,0,37.89474,0
0,9.767442,1,27.90698,2
0,6.31579,1,12.63158,2
0,0,2,16.98113,2
0,0,1,15.55556,2
0,1,1,13,2
0,0,1,9.818181,1
0,0,1,17,1
0,0,2,18.21429,1
0,0,1,20.35714,1
0,0,1,14,1
0,0,1,16,1
0,0,1,11.18644,1
0,0,3,7,1
0,0,2,5,1
0,0,2,2,1
0,5,2,5,1
0,1,2,7,1
0,5,2,3,1
0,1.052632,2,7.368421,1
0,0,1,18,1
0,2.068965,1,17.58621,1
0,0,1,21,1
0,0,1,22,1
0,0,1,23,1
0,0,1,23,1
0,0,2,18.62069,1
0,3,2,0,1
0,1,2,1,1
0,1,2,1,3
0,2.5,1,18.75,3
0,5.882353,2,18.82353,3
0,0,1,15,3
0,0,1,9,1
0,0,1,18,1
0,0,1,10.18868,1
0,2.727273,2,10.90909,1
98,5,0,15,0
112,51.42857,0,8.571429,0
103,25,0,20,0
113,25.71429,0,34.28572,0
0,14.04255,1,12.76596,1
0,1.153846,2,2.307692,1
114,20,0,42,0
122,32.90322,0,40.64516,0
114,17.83784,0,43.78378,0
103,26.08696,0,22.17391,0
117,18.82353,0,41.17647,0
122,6,0,37.2,0
0,10,0,30,0
0,13.33333,0,25,0
0,12.63158,0,28.42105,0
120,26.34146,0,33.65854,0
120,10,0,50,0
123,17.83784,0,22.7027,0
105,12,0,42,0
0,3.636364,0,30.90909,0
0,3.076923,0,20,0
107,5.660378,0,29.43396,0
0,1.25,1,26.25,1
0,5.853658,1,20.4878,2
0,9.599999,1,28.8,1
0,8.333334,0,13.33333,0
0,0,0,11.53846,0
0,8,0,26,0
0,6.666667,2,7.777778,1
110,7.5,0,19.5,0
110,21.95122,0,54.14634,0
117,16.55172,0,35.17242,0
100,13.04348,0,27.3913,0
116,7.924529,0,27.16981,0
0,0,2,6,1
0,1.111111,2,14.44444,1
0,3.333333,2,2.222222,1
0,3.428571,2,10.28571,1
0,4.615385,2,15,1
0,0,2,13.68421,1
0,2.857143,1,17.14286,1
124,10,0,17.5,0
0,3.6,1,34.8,1
0,11.6129,1,11.6129,2
0,3.428571,0,13.71429,0
122,9.230769,0,44.61539,0
110,1.153846,0,16.15385,0
116,13.84615,0,60,0
115,10.90909,0,50.90909,0
115,15.31915,0,48.51064,0
105,21.6,0,38.4,0
119,12,0,40,0
0,2.264151,2,30.56604,2
120,14,0,32,0
115,14.34783,0,54.78261,0
114,24,0,42,0
117,16.74419,0,43.25581,0
118,13.33333,0,37.77778,0
0,1.621622,0,12.97297,0
0,1.016949,3,10.16949,2
0,2.142857,2,23.57143,2
0,3.829787,1,17.87234,2
0,0,2,17.14286,2
0,0,1,22.37288,1
0,5.263158,1,21.05263,1
0,0,2,33.10345,1
0,4.390244,1,32.19512,2
0,0,2,12.94118,1
0,3.529412,2,18.82353,1
0,3.6,2,14.4,1
0,0,1,19.65517,1
0,1.052632,2,17.89474,1
0,0,2,24.40678,1
0,2.608696,1,24.78261,1
0,3.6,2,14.4,1
0,1.276596,2,6.382979,1
0,0,1,21,1
0,2.352941,2,27.05882,1
0,1.2,2,38.4,1
0,1,1,16,1
0,0,2,21.81818,1
0,0,2,18.94737,2
0,3.67347,2,11.02041,3
0,1.153846,2,5.769231,1
0,4.285715,2,4.285715,1
0,0,1,12,1
0,6.545455,3,12,1
0,0,2,16.55172,3
0,3.050847,2,6.101695,1
0,14.66667,1,26.66667,1
0,8.571429,1,37.71429,1
0,6.923077,2,27.69231,2
0,6.666667,2,8.888889,2
0,1.463415,1,17.56097,2
0,15.42857,1,13.71429,2
0,5.142857,0,36,0
103,6.666667,0,37.77778,0
106,16.74419,0,46.04651,0
108,16.74419,0,57.2093,0
114,10.66667,0,57.33333,0
119,19.28571,0,40.71428,0
0,9.411765,1,20,1
0,5.454545,2,27.27273,1
0,8.571429,1,24.4898,2
0,0,1,27.42857,2
0,1.5,1,24,2
0,8.93617,1,19.14894,2
0,3.529412,2,27.05882,2
0,5.454545,2,36,1
0,2.181818,2,33.81818,3
108,6.382979,0,26.80851,0
0,21.42857,1,25.71429,2
0,23.33333,2,33.33334,3
0,14.4,2,68.4,2
0,30,2,48.75,2
0,30,1,61.5,2
0,27.77778,2,74.44444,2
0,21.81818,1,47.72727,2
110,11.70732,0,33.65854,0
0,5.853658,1,45.36585,2
109,5,0,30,0
112,0,0,0,0
115,0,0,0,0
109,60,0,30,0
113,0,0,0,0
117,12,0,18,0
0,0,3,8.235294,2
0,1.034483,2,1.034483,3
0,4.285715,3,5.357143,2
0,15.88235,3,24.70588,3
0,27.5,0,20,0
104,7.272727,0,34.54545,0
108,15.78947,0,25.26316,0
0,13.95349,1,27.90698,3
0,8.275862,2,20.68966,3
0,15.88235,2,33.52941,3
0,9,1,28.5,2
0,3.67347,1,18.36735,2
0,4.897959,1,20.81633,2
0,13.84615,1,16.92308,2
0,14.63415,1,23.41463,2
0,4.8,1,26.4,1
111,17.56097,0,42.43902,0
0,9.818181,2,20.72727,2
0,5,2,5,2
0,8.571429,2,9.795918,2
111,27,0,27,0
114,25.45455,0,54.54546,0
115,24,0,56,0
111,60,0,30,0
116,36.36364,0,70.90909,0
122,26.15385,0,55.38462,0
117,25.45455,0,65.45454,0
113,6.206897,0,84.82758,0
115,21.42857,0,55.71428,0
113,15.84906,0,60,0
110,13.75,0,76.25,0
113,6.666667,0,71.11111,0
115,24.78261,0,63.91304,0
114,15.42857,0,58.28571,0
115,15.78947,0,48.94737,0
111,21.53846,0,38.46154,0
112,12,0,73.5,0
112,12.85714,0,64.28571,0
117,14.28571,0,61.42857,0
111,12.5,0,57.5,0
111,7.2,0,55.2,0
109,7.058824,0,41.17647,0
111,21.08108,0,48.64865,0
122,6.486486,0,63.24324,0
115,23.41463,0,61.46341,0
115,26.25,0,67.5,0
92,19.45946,0,38.91892,0
0,27,0,36,0
0,2.5,1,28.75,2
0,16.92308,1,24.61539,1
0,12.63158,0,11.05263,0
0,18.46154,0,27.69231,0
0,0,0,0,0
0,3.396226,2,9.056604,2
0,5,2,14,2
0,1,1,13,3
0,4.444445,2,12.22222,3
0,9.130434,1,20.86957,1
0,2,2,15,1
0,2.068965,2,20.68966,1
0,7.5,2,7.5,2
0,2.142857,1,17.14286,2
0,2.068965,2,14.48276,2
0,4.285715,2,13.92857,1
0,3.214286,1,10.71429,1
0,5.357143,2,26.78571,1
0,0,2,2.142857,1
0,0,3,8.421053,1
0,4.705883,2,1.176471,3
0,0,2,0,3
0,0,0,0,0
0,1.111111,3,8.888889,3
0,3.103448,2,5.172414,3
0,0,2,0,2
0,0,0,0,0
0,0,0,0,0
0,0,0,0,0
0,0,0,0,0
0,0,2,2,3
0,3.103448,2,1.034483,3
0,1.034483,2,0,2
0,1.071429,2,1.071429,2
0,0,2,0,1
0,0,0,0,0
0,0,0,0,0
0,0,0,0,0
0,0,0,0,0
0,0,0,0,0
0,0,0,0,0
0,0,2,1,1
0,0,2,0,1
0,0,0,0,0
0,0,0,0,0
0,0,0,0,0
0,0,0,0,0
0,0,0,0,0
0,0,0,0,0
0,0,0,0,0
0,0,0,0,0
0,0,0,0,0
0,0,0,0,0
0,0,0,0,0
0,0,0,0,0
0,0,0,0,0
0,0,0,0,0
0,0,0,0,0
0,0,0,0,0
0,0,0,0,0
0,0,0,0,0
0,0,0,0,0
0,0,2,3,1
0,0,2,0,1
0,0,2,1.016949,1
0,0,2,0,1
0,0,0,0,0
0,0,0,0,0
0,0,2,3,1
0,0,2,0,1
0,0,0,0,0
0,0,0,0,0
0,0,0,0,0
0,0,0,0,0
0,0,0,0,0
0,0,0,0,0
0,0,0,0,0
0,0,0,0,0
0,0,0,0,0
0,0,0,0,0
0,0,0,0,0
0,0,0,0,0
0,0,0,0,0
0,0,0,0,0
0,0,0,0,0
0,0,0,0,0
0,0,0,0,0
0,0,0,0,0
0,0,0,0,0
0,0,2,1,1
0,0,2,0,1
0,0,2,1,1
0,0,2,0,1
0,0,0,0,0
0,0,0,0,0
0,0,0,0,0
0,0,0,0,0
0,0,2,1,1
0,0,2,0,1
0,0,0,0,0
0,0,0,0,0
0,0,0,0,0
0,0,0,0,0
0,0,0,0,0
0,0,0,0,0
0,0,0,0,0
0,0,0,0,0
0,0,0,0,0
0,0,0,0,0
0,0,0,0,0
0,0,2,1,1
0,0,2,1,1
0,0,2,0,1
0,0,0,0,0
0,0,0,0,0
0,0,0,0,0
0,2,0,0,0
0,0,0,0,0
0,0,0,0,0
0,0,0,0,0
0,0,0,0,0
0,0,0,0,0
0,0,0,0,0
0,0,0,0,0
0,0,0,0,0
0,0,0,0,0
0,0,0,0,0
0,0,0,0,0
0,0,0,0,0
0,0,0,0,0
0,0,0,0,0
0,0,2,1,0
0,0,2,0,0
0,0,0,0,0
0,0,0,0,0
0,0,0,0,0
0,0,0,0,0
0,1.016949,0,0,0
0,5.454545,0,21.81818,0
128,15,0,19.28571,0
162,0,0,32.72727,0
174,1.276596,0,43.40425,0
164,18.94737,0,44.21053,0
118,19.35484,0,34.83871,0
126,11.16279,0,48.83721,0
168,7.659575,0,34.46809,0
186,6.382979,0,48.51064,0
130,22.5,0,48,0
128,28,0,54,0
171,28.42105,0,82.10526,0
121,11.25,0,28.75,0
0,0,2,16.8,0
0,1.034483,1,13.44828,1
0,0,2,18,1
0,0,1,16.66667,1
0,0,2,24,1
186,4.864865,0,24.32432,0
0,2.608696,2,2.608696,1
0,0,2,2,1
0,0,2,0,1
0,0,0,0,0
0,0,0,0,0
0,0,2,3,1
0,5.853658,2,7.317073,1
0,10.43478,1,18.26087,1
0,6.101695,1,23.38983,1
115,27.14286,0,40,0
125,10.58824,0,56.47059,0
134,14.18182,0,51.27273,0
131,3.6,0,57.6,0
137,12.45283,0,56.60377,0
128,25.33333,0,36,0
115,19.59184,0,30.61224,0
0,12,1,40.5,2
0,8.4,2,31.2,2
0,11.53846,2,23.07692,3
112,10.58824,0,42.35294,0
117,5.454545,0,34.09091,0
94,7.346939,0,33.06122,0
0,5.217391,1,31.30435,3
0,1.395349,1,32.09303,3
0,0,1,21.42857,2
0,7.2,2,24,2
0,2.790698,1,30.69767,2
0,2.926829,1,32.19512,2
0,2.857143,1,31.42857,2
0,5.106383,1,22.97872,1
0,3.333333,1,25,1
0,7.5,0,35.625,0
0,4.864865,0,24.32432,0
0,15,0,23.57143,0
0,4.090909,1,31.36364,0
0,8,1,36,0
0,5.853658,1,27.80488,0
0,6.792453,1,32.83019,2
0,6.666667,2,28.88889,2
0,6.486486,2,37.29729,1
0,6.666667,1,34.66667,0
0,2.608696,1,36.52174,0
0,8.571429,1,27.85714,0
0,10,0,35,0
0,7.777778,2,30,2
0,9.677419,2,27.09677,2
0,6.382979,1,29.3617,2
0,3.913043,1,37.82609,2
0,13.54839,1,25.16129,2
0,2.727273,1,21.81818,2
0,19.35484,1,17.41935,2
0,9.473684,0,31.57895,0
0,6.545455,2,32.72727,1
0,6.666667,2,26.66667,2
0,6,1,37.5,2
117,18.26087,0,44.34783,0
110,12.85714,0,38.57143,0
0,14.04255,1,26.80851,2
108,15,0,52.5,0
109,15,0,51.42857,0
116,19.5,0,55.5,0
114,16.25,0,50,0
130,19.35484,0,40.64516,0
0,23.33333,0,53.33333,0
0,6.486486,0,63.24324,0
0,2.352941,2,52.94118,2
0,4.186047,1,61.39535,2
0,2.666667,1,57.33333,2
0,6.857143,1,44.57143,2
0,7.2,2,46.8,2
86,7.826087,0,28.69565,0
90,9.473684,0,66.31579,0
109,31.76471,0,52.94118,0
102,13.2,0,69.6,0
99,12,0,46.66667,0
105,16.5,0,36,0
104,14.66667,0,54.66667,0
104,15,0,60,0
0,5.882353,2,25.88235,0
0,11.70732,1,30.73171,0
0,6.857143,1,20.57143,0
0,1.2,2,33.6,2
0,1.25,1,22.5,3
0,3.214286,1,19.28571,2
0,1.111111,1,30,2
0,1.304348,1,31.30435,2
0,0,2,26.4,2
0,0,2,24.23077,2
0,0,1,30,2
0,3.529412,2,25.88235,2
0,2.926829,1,35.12195,3
0,1.276596,1,14.04255,2
0,4.736842,1,30,3
0,2.142857,0,23.57143,0
0,2.727273,1,20.45455,2
0,5.454545,1,20.45455,2
0,2.4,2,24,2
0,3.272727,2,26.18182,2
0,5.217391,1,26.08696,2
0,7.142857,1,28.57143,2
0,9.473684,1,25.26316,2
0,3.076923,0,21.53846,0
0,2.181818,2,5.454545,3
117,52,0,28,0
119,36.52174,0,60,0
118,33.33334,0,51.11111,0
104,30,0,57.27273,0
98,16.66667,0,50,0
0,14.63415,1,36.58537,2
0,4.390244,1,39.5122,3
0,5.882353,2,32.94118,3
0,5,1,25,3
0,11.11111,1,12.22222,3
0,3.243243,1,42.16216,2
0,6.486486,0,37.29729,0
0,4.137931,2,16.55172,2
0,7.5,1,13.75,1
0,10.8,1,15.6,1
125,32,0,16,0
0,10.2439,1,24.87805,2
0,10.90909,1,13.63636,3
0,8.888889,1,10,1
0,21.42857,1,14.28571,1
0,4.390244,1,16.09756,2
0,11.25,1,17.5,1
0,9.411765,1,12.94118,1
0,8.780487,1,19.02439,1
0,5.581395,1,30.69767,2
0,6.25,1,21.25,2
0,15,1,15,3
0,16,1,46,3
0,9.333334,1,32,1
0,10.2439,1,21.95122,2
0,10.28571,1,15.42857,2
0,16.92308,0,26.15385,0
0,7.826087,1,27.3913,2
0,1.176471,2,10.58824,2
0,14.21053,2,15.78947,2
0,3.75,1,15,2
0,7.346939,1,15.91837,1
0,13.2,2,16.8,1
0,6.25,1,23.75,1
0,5.333333,1,26.66667,2
0,5.217391,1,19.56522,2
0,13.95349,1,27.90698,1
0,9.056604,2,32.83019,1
0,18,2,30,2
0,16.95652,1,18.26087,1
0,10.38462,3,12.69231,1
0,14.23729,2,7.118644,2
0,13.33333,2,14.44444,2
0,9.230769,1,12.69231,3
0,3.396226,2,26.03773,1
0,17.30769,2,13.84615,2
0,8.571429,1,19.59184,2
0,3.67347,1,17.14286,1
0,4.8,2,15.6,1
0,15.78947,2,21.05263,1
0,12.27273,1,24.54545,1
0,25.38461,2,17.30769,1
0,17.87234,2,10.21277,2
0,8.93617,1,19.14894,1
0,10,1,25,1
0,7.5,1,36,1
0,8.571429,1,31.42857,3
0,13.125,1,26.25,3
0,18.33333,0,20,0
0,10,1,21.25,2
0,14.4,2,37.2,3
102,28.8,0,45.6,0
97,24,0,38.4,0
123,22.22222,0,64.44444,0
126,21.81818,0,68.18182,0
124,22.5,0,55,0
0,4.137931,2,15.51724,2
118,18.13953,0,25.11628,0
115,5.217391,0,57.3913,0
120,38.18182,0,69.0909,0
108,21.81818,0,54.54546,0
116,25.71429,0,72.85715,0
140,32.57143,0,49.71429,0
0,33.68421,2,49.47369,3
0,15.78947,2,43.15789,3
0,27.36842,2,44.21053,2
149,26.4,0,49.2,0
0,20.4,2,27.6,3
167,27.27273,0,43.63636,0
81,28.42105,0,45.26316,0
0,12,2,18.54545,2
0,10.16949,2,53.8983,3
113,12.41379,0,30,0
0,10.38462,2,15,2
0,5.555555,1,14.44444,3
0,1.071429,2,8.571429,1
0,2,1,24,2
0,0,1,28,1
0,0,2,24.21053,2
0,3.214286,1,31.07143,1
0,5.882353,2,28.23529,1
0,0,2,2,1
0,4.285715,1,13.92857,2
0,0,1,11.18644,3
0,0,2,2.033898,1
0,0,3,7.777778,1
0,1.052632,1,12.63158,1
0,3.461539,3,6.923077,1
0,14.28571,1,14.28571,1
0,3.333333,2,13.33333,1
0,1.071429,2,12.85714,1
0,0,3,11.18644,2
0,0,3,7,1
0,1.034483,2,5.172414,1
0,0,2,4.137931,1
0,0,2,2,1
0,2.142857,2,6.428572,1
0,0,2,3,1
0,3.461539,3,6.923077,1
0,3.529412,2,21.17647,1
0,1.071429,2,26.78571,1
0,1.333333,1,22.66667,1
0,1.363636,1,15,2
0,5.882353,2,16.47059,1
0,1.090909,2,13.09091,2
0,1,2,3,1
0,0,2,4,1
0,2.44898,2,7.346939,1
0,0,3,0,1
0,1.034483,2,1.034483,1
0,0,2,0,1
0,0,0,0,0
0,0,0,0,0
0,0,0,0,0
0,0,0,0,0
0,0,0,0,0
0,0,0,0,0
0,0,0,0,0
0,0,0,0,0
0,0,0,0,0
0,0,0,0,0
0,0,0,0,0
0,0,0,0,0
0,0,0,0,0
0,0,0,0,0
0,0,0,0,0
0,0,0,0,0
0,0,0,0,0
0,0,0,0,0
0,0,0,0,0
0,0,0,0,0
0,0,0,0,0
0,0,0,0,0
0,0,0,0,0
0,0,0,0,0
0,0,0,0,0
0,0,0,0,0
0,0,0,0,0
0,0,0,0,0
0,0,0,0,0
0,0,0,0,0
0,0,0,0,0
0,0,0,0,0
0,0,0,0,0
0,0,0,0,0
0,0,0,0,0
0,0,0,0,0
0,0,0,0,0
0,0,0,0,0
0,0,0,0,0
0,0,0,0,0
0,0,0,0,0
0,0,0,0,0
0,0,0,0,0
0,0,0,0,0
0,0,0,0,0
0,0,0,0,0
0,0,0,0,0
0,0,0,0,0
0,0,0,0,0
0,0,0,0,0
0,0,0,0,0
0,0,0,0,0
0,0,0,0,0
0,0,0,0,0
0,0,0,0,0
0,0,0,0,0
0,0,0,0,0
0,0,0,0,0
0,0,0,0,0
0,0,0,0,0
0,0,0,0,0
0,0,0,0,0
0,0,0,0,0
0,0,0,0,0
0,0,0,0,0
0,0,0,0,0
0,0,0,0,0
0,0,0,0,0
0,0,0,0,0
0,0,0,0,0
0,0,0,0,0
0,0,0,0,0
0,0,0,0,0
0,0,0,0,0
0,0,0,0,0
0,0,0,0,0
0,0,0,0,0
0,0,0,0,0
0,0,0,0,0
0,0,0,0,0
0,0,0,0,0
0,0,0,0,0
0,0,0,0,0
0,0,0,0,0
0,0,0,0,0
0,0,0,0,0
0,0,0,0,0
0,0,0,0,0
0,0,0,0,0
0,0,0,0,0
0,0,0,0,0
0,0,0,0,0
0,0,0,0,0
0,0,0,0,0
0,0,0,0,0
0,0,0,0,0
0,0,0,0,0
0,0,0,0,0
0,0,0,0,0
0,0,0,0,0
0,0,0,0,0
0,0,0,0,0
0,0,0,0,0
0,0,0,0,0
0,0,0,0,0
0,0,0,0,0
0,0,0,0,0
0,0,0,0,0
0,0,0,0,0
0,0,0,0,0
0,0,0,0,0
0,0,0,0,0
0,0,0,0,0
0,0,0,0,0
0,0,0,0,0
0,0,0,0,0
0,0,0,0,0
0,0,0,0,0
0,0,0,0,0
0,0,0,0,0
0,0,0,0,0
0,0,0,0,0
0,0,0,0,0
0,0,0,0,0
0,0,0,0,0
0,0,0,0,0
0,0,0,0,0
0,0,0,0,0
0,0,0,0,0
0,0,0,0,0
0,0,0,0,0
0,0,0,0,0
0,0,0,0,0
0,0,0,0,0
0,0,0,0,0
0,0,0,0,0
0,0,0,0,0
0,0,0,0,0
0,0,0,0,0
0,0,0,0,0
0,0,0,0,0
0,0,0,0,0
0,0,0,0,0
0,0,0,0,0
0,0,0,0,0
0,0,0,0,0
0,0,0,0,0
0,0,0,0,0
0,0,0,0,0
0,0,0,0,0
0,0,0,0,0
0,0,0,0,0
0,0,0,0,0
0,0,0,0,0
0,0,0,0,0
0,0,0,0,0
0,0,0,0,0
0,0,0,0,0
0,0,0,0,0
0,0,0,0,0
0,0,0,0,0
0,0,0,0,0
0,0,0,0,0
0,0,0,0,0
0,0,0,0,0
0,0,0,0,0
0,0,0,0,0
0,0,0,0,0
0,0,0,0,0
0,0,0,0,0
0,0,0,0,0
0,0,0,0,0
0,0,0,0,0
0,0,0,0,0
0,0,0,0,0
0,0,0,0,0
0,0,0,0,0
0,0,0,0,0
0,0,0,0,0
0,0,0,0,0
0,0,0,0,0
0,0,0,0,0
0,0,0,0,0
0,0,0,0,0
0,0,0,0,0
0,0,0,0,0
0,0,0,0,0
0,0,0,0,0
0,0,0,0,0
0,0,0,0,0
0,0,0,0,0
0,0,0,0,0
0,0,0,0,0
0,0,0,0,0
0,0,0,0,0
0,0,0,0,0
0,0,0,0,0
0,0,0,0,0
0,0,0,0,0
0,0,0,0,0
0,0,0,0,0
0,0,0,0,0
0,0,0,0,0
0,0,0,0,0
0,0,0,0,0
0,0,0,0,0
0,0,0,0,0
0,0,0,0,0
0,0,0,0,0
0,0,0,0,0
0,0,0,0,0
0,0,0,0,0
0,0,0,0,0
0,0,0,0,0
0,0,0,0,0
0,0,0,0,0
0,0,0,0,0
0,0,0,0,0
0,0,0,0,0
0,0,0,0,0
0,0,0,0,0
0,0,0,0,0
0,0,0,0,0
0,0,0,0,0
0,0,0,0,0
0,0,0,0,0
0,0,0,0,0
0,0,0,0,0
0,0,0,0,0
0,0,0,0,0
0,0,0,0,0
0,0,0,0,0
0,0,0,0,0
0,0,0,0,0
0,0,0,0,0
0,0,0,0,0
0,0,0,0,0
0,0,0,0,0
0,0,0,0,0
0,0,0,0,0
0,0,0,0,0
0,0,0,0,0
0,0,0,0,0
0,0,0,0,0
0,0,0,0,0
0,0,0,0,0
0,0,0,0,0
0,0,0,0,0
0,0,0,0,0
0,0,0,0,0
0,0,0,0,0
0,0,0,0,0
0,0,0,0,0
0,0,0,0,0
0,0,0,0,0
0,0,0,0,0
0,0,0,0,0
0,0,0,0,0
0,0,0,0,0
0,0,0,0,0
0,0,0,0,0
0,0,0,0,0
0,0,0,0,0
0,0,0,0,0
0,0,0,0,0
0,0,0,0,0
0,0,0,0,0
0,0,0,0,0
0,0,0,0,0
0,0,0,0,0
0,0,0,0,0
0,0,0,0,0
0,0,0,0,0
0,0,0,0,0
0,0,0,0,0
0,0,0,0,0
0,0,0,0,0
0,0,0,0,0
0,0,0,0,0
0,0,0,0,0
0,0,0,0,0
0,0,0,0,0
0,0,0,0,0
0,0,0,0,0
0,0,0,0,0
0,0,0,0,0
0,0,0,0,0
0,0,0,0,0
0,0,0,0,0
0,0,0,0,0
0,0,0,0,0
0,0,0,0,0
0,0,0,0,0
0,0,0,0,0
0,0,0,0,0
0,0,0,0,0
0,0,0,0,0
0,0,0,0,0
0,0,0,0,0
0,0,0,0,0
0,0,0,0,0
0,0,0,0,0
0,0,0,0,0
0,0,0,0,0
0,0,0,0,0
0,0,0,0,0
0,0,0,0,0
0,0,0,0,0
0,0,0,0,0
0,0,0,0,0
0,0,0,0,0
0,0,0,0,0
0,0,0,0,0
0,0,0,0,0
0,0,0,0,0
0,0,0,0,0
0,0,0,0,0
0,0,0,0,0
0,0,0,0,0
0,0,0,0,0
0,0,0,0,0
0,0,0,0,0
0,0,0,0,0
0,0,0,0,0
0,0,0,0,0
0,0,0,0,0
0,0,0,0,0
0,0,0,0,0
0,0,0,0,0
0,0,0,0,0
0,0,0,0,0
0,0,0,0,0
0,0,0,0,0
0,0,0,0,0
0,0,0,0,0
0,0,0,0,0
0,0,0,0,0
0,0,0,0,0
0,0,0,0,0
0,0,0,0,0
0,0,0,0,0
0,0,0,0,0
0,0,0,0,0
0,0,0,0,0
0,0,0,0,0
0,0,0,0,0
0,0,0,0,0
0,0,0,0,0
0,0,0,0,0
0,0,0,0,0
0,0,0,0,0
0,0,0,0,0
0,0,0,0,0
0,0,0,0,0
0,0,0,0,0
0,0,0,0,0
0,0,0,0,0
0,0,0,0,0
0,0,0,0,0
0,0,0,0,0
0,0,0,0,0
0,0,0,0,0
0,0,0,0,0
0,0,0,0,0
0,0,0,0,0
0,0,0,0,0
0,0,0,0,0
0,0,0,0,0
0,0,0,0,0
0,0,0,0,0
0,0,0,0,0
0,0,0,0,0
0,0,0,0,0
0,0,0,0,0
0,0,0,0,0
0,0,0,0,0
0,0,0,0,0
0,0,0,0,0
0,0,0,0,0
0,0,0,0,0
0,0,0,0,0
0,0,0,0,0
0,0,0,0,0
0,0,0,0,0
0,0,0,0,0
0,0,0,0,0
0,0,0,0,0
0,0,0,0,0
0,0,0,0,0
0,0,0,0,0
0,0,0,0,0
0,0,0,0,0
0,0,0,0,0
0,0,0,0,0
0,0,0,0,0
0,0,0,0,0
0,0,0,0,0
0,0,0,0,0
0,0,0,0,0
0,0,0,0,0
0,0,0,0,0
0,0,0,0,0
0,0,0,0,0
0,0,0,0,0
0,0,0,0,0
0,0,0,0,0
0,0,0,0,0
0,0,0,0,0
0,0,0,0,0
0,0,0,0,0
0,0,0,0,0
0,0,0,0,0
0,0,0,0,0
0,0,0,0,0
0,0,0,0,0
0,0,0,0,0
0,0,0,0,0
0,0,0,0,0
0,0,0,0,0
0,0,0,0,0
0,0,0,0,0
0,0,0,0,0
0,0,0,0,0
0,0,0,0,0
0,0,0,0,0
0,0,0,0,0
0,0,0,0,0
0,0,0,0,0
0,0,0,0,0
0,0,0,0,0
0,0,0,0,0
0,0,0,0,0
0,0,0,0,0
0,0,0,0,0
0,0,0,0,0
0,0,0,0,0
0,0,0,0,0
0,0,0,0,0
0,0,0,0,0
0,0,0,0,0
0,0,0,0,0
0,0,0,0,0
0,0,0,0,0
0,0,0,0,0
0,0,0,0,0
0,0,0,0,0
0,0,0,0,0
0,0,0,0,0
0,0,0,0,0
0,0,0,0,0
0,0,0,0,0
0,0,0,0,0
0,0,0,0,0
0,0,0,0,0
0,0,0,0,0
0,0,0,0,0
0,0,0,0,0
0,0,0,0,0
0,0,0,0,0
0,0,0,0,0
0,0,0,0,0
0,0,0,0,0
0,0,0,0,0
0,0,0,0,0
0,0,0,0,0
0,0,0,0,0
0,0,0,0,0
0,0,0,0,0
0,0,0,0,0
0,0,0,0,0
0,0,0,0,0
0,0,0,0,0
0,0,0,0,0
0,0,0,0,0
0,0,0,0,0
0,0,0,0,0
0,0,0,0,0
0,0,0,0,0
0,0,0,0,0
0,0,0,0,0
0,0,0,0,0
0,0,0,0,0
0,0,0,0,0
0,0,0,0,0
0,0,0,0,0
0,0,0,0,0
0,0,0,0,0
0,0,0,0,0
0,0,0,0,0
0,0,0,0,0
0,0,0,0,0
0,0,0,0,0
0,0,0,0,0
0,0,0,0,0
0,0,0,0,0
0,0,0,0,0
0,0,0,0,0
0,0,0,0,0
0,0,0,0,0
0,0,0,0,0
0,0,0,0,0
0,0,0,0,0
0,0,0,0,0
0,0,0,0,0
0,0,0,0,0
0,0,0,0,0
0,0,0,0,0
0,0,0,0,0
0,0,0,0,0
0,0,0,0,0
0,0,0,0,0
0,0,0,0,0
0,0,0,0,0
0,0,0,0,0
0,0,0,0,0
0,0,0,0,0
0,0,0,0,0
0,0,0,0,0
0,0,0,0,0
0,0,0,0,0
0,0,0,0,0
0,0,0,0,0
0,0,0,0,0
0,0,0,0,0
0,0,0,0,0
0,0,0,0,0
0,0,0,0,0
0,0,0,0,0
0,0,0,0,0
0,0,0,0,0
0,0,0,0,0
0,0,0,0,0
0,0,0,0,0
0,0,0,0,0
0,0,0,0,0
0,0,0,0,0
0,0,0,0,0
0,0,0,0,0
0,0,0,0,0
0,0,0,0,0
0,0,0,0,0
0,0,0,0,0
0,0,0,0,0
0,0,0,0,0
0,0,0,0,0
0,0,0,0,0
0,0,0,0,0
0,0,0,0,0
0,0,0,0,0
0,0,0,0,0
0,0,0,0,0
0,0,0,0,0
0,0,0,0,0
0,0,0,0,0
0,0,0,0,0
0,0,0,0,0
0,0,0,0,0
0,0,0,0,0
0,0,0,0,0
0,0,2,1,1
0,0,2,0,1
0,0,0,0,0
0,0,0,0,0
0,0,0,0,0
0,0,0,0,0
0,0,0,0,0
0,0,0,0,0
0,0,0,0,0
0,0,0,0,0
0,0,0,0,0
0,0,0,0,0
0,0,0,0,0
0,0,0,0,0
0,0,0,0,0
0,0,0,0,0
0,0,0,0,0
0,0,0,0,0
0,0,0,0,0
0,0,0,0,0
0,0,0,0,0
0,0,0,0,0
0,0,0,0,0
0,0,0,0,0
0,0,0,0,0
0,0,0,0,0
0,0,0,0,0
0,0,0,0,0
0,0,0,0,0
0,0,0,0,0
0,0,0,0,0
0,0,0,0,0
0,0,0,0,0
0,0,0,0,0
0,0,0,0,0
0,0,0,0,0
0,0,0,0,0
0,0,0,0,0
0,0,0,0,0
0,0,0,0,0
0,0,0,0,0
0,0,0,0,0
0,0,0,0,0
0,0,0,0,0
0,0,0,0,0
0,0,0,0,0
0,0,0,0,0
0,0,0,0,0
0,0,0,0,0
0,0,0,0,0
0,0,0,0,0
0,0,0,0,0
0,0,0,0,0
0,0,0,0,0
0,0,0,0,0
0,0,0,0,0
0,0,0,0,0
0,0,0,0,0
0,0,0,0,0
0,0,0,0,0
0,0,0,0,0
0,0,0,0,0
0,0,0,0,0
0,0,0,0,0
0,0,0,0,0
0,0,0,0,0
0,0,0,0,0
0,0,0,0,0
0,0,0,0,0
0,0,0,0,0
0,0,0,0,0
0,0,0,0,0
0,0,0,0,0
0,0,0,0,0
0,0,0,0,0
0,0,0,0,0
0,0,0,0,0
0,0,0,0,0
0,0,0,0,0
0,0,0,0,0
0,0,0,0,0
0,0,0,0,0
0,0,0,0,0
0,0,0,0,0
0,0,0,0,0
0,0,0,0,0
0,0,0,0,0
0,0,0,0,0
0,0,0,0,0
0,0,0,0,0
0,0,0,0,0
0,0,0,0,0
0,0,0,0,0
0,0,0,0,0
0,0,0,0,0
0,0,0,0,0
0,0,0,0,0
0,0,0,0,0
0,0,0,0,0
0,0,0,0,0
0,0,0,0,0
0,0,0,0,0
0,0,0,0,0
0,0,0,0,0
0,0,0,0,0
0,0,0,0,0
0,0,0,0,0
0,0,0,0,0
0,0,0,0,0
0,0,0,0,0
0,0,0,0,0
0,0,0,0,0
0,0,0,0,0
0,0,0,0,0
0,0,0,0,0
0,0,0,0,0
0,0,0,0,0
0,0,0,0,0
0,0,0,0,0
0,0,0,0,0
0,0,0,0,0
0,0,0,0,0
0,0,0,0,0
0,0,0,0,0
0,0,0,0,0
0,0,0,0,0
0,0,0,0,0
0,0,0,0,0
0,0,0,0,0
0,0,0,0,0
0,0,0,0,0
0,0,0,0,0
0,0,0,0,0
0,0,0,0,0
0,0,0,0,0
0,0,0,0,0
0,0,0,0,0
0,0,0,0,0
0,0,0,0,0
0,0,0,0,0
0,0,0,0,0
0,0,0,0,0
0,0,0,0,0
0,0,0,0,0
0,0,0,0,0
0,0,0,0,0
0,0,0,0,0
0,0,0,0,0
0,0,0,0,0
0,0,0,0,0
0,0,0,0,0
0,0,0,0,0
0,0,0,0,0
0,0,0,0,0
0,0,0,0,0
0,0,0,0,0
0,0,0,0,0
0,0,0,0,0
0,0,0,0,0
0,0,0,0,0
0,0,0,0,0
0,0,0,0,0
0,0,0,0,0
0,0,0,0,0
0,0,0,0,0
0,0,0,0,0
0,0,0,0,0
0,0,0,0,0
0,0,0,0,0
0,0,0,0,0
0,0,0,0,0
0,0,0,0,0
0,0,0,0,0
0,0,0,0,0
0,0,0,0,0
0,0,0,0,0
0,0,0,0,0
0,0,0,0,0
0,0,0,0,0
0,0,0,0,0
0,0,0,0,0
0,0,0,0,0
0,0,0,0,0
0,0,0,0,0
0,0,0,0,0
0,0,0,0,0
0,0,0,0,0
0,0,0,0,0
0,0,0,0,0
0,0,0,0,0
0,0,0,0,0
0,0,0,0,0
0,0,0,0,0
0,0,0,0,0
0,0,0,0,0
0,0,0,0,0
0,0,0,0,0
0,0,0,0,0
0,0,0,0,0
0,0,0,0,0
0,0,0,0,0
0,0,0,0,0
0,0,0,0,0
0,0,0,0,0
0,0,0,0,0
0,0,0,0,0
0,0,0,0,0
0,0,0,0,0
0,0,0,0,0
0,0,0,0,0
0,0,0,0,0
0,0,0,0,0
0,0,0,0,0
0,0,0,0,0
0,0,0,0,0
0,0,0,0,0
0,0,0,0,0
0,0,0,0,0
0,0,0,0,0
0,0,0,0,0
0,0,0,0,0
0,0,0,0,0
0,0,0,0,0
0,0,0,0,0
0,0,0,0,0
0,0,0,0,0
0,0,0,0,0
0,0,0,0,0
0,0,0,0,0
0,0,0,0,0
0,0,0,0,0
0,0,0,0,0
0,0,0,0,0
0,0,0,0,0
0,0,0,0,0
0,0,0,0,0
0,0,0,0,0
0,0,0,0,0
0,0,0,0,0
0,0,0,0,0
0,0,0,0,0
0,0,0,0,0
0,0,0,0,0
0,0,0,0,0
0,0,0,0,0
0,0,0,0,0
0,0,0,0,0
0,0,0,0,0
0,0,0,0,0
0,0,0,0,0
0,0,0,0,0
0,0,0,0,0
0,0,0,0,0
0,0,0,0,0
0,0,0,0,0
0,0,0,0,0
0,0,0,0,0
0,0,0,0,0
0,0,0,0,0
0,0,0,0,0
0,0,0,0,0
0,0,0,0,0
0,0,0,0,0
0,0,0,0,0
0,0,0,0,0
0,0,0,0,0
0,0,0,0,0
0,0,0,0,0
0,0,0,0,0
0,0,0,0,0
0,0,0,0,0
0,0,0,0,0
0,0,0,0,0
0,0,0,0,0
0,0,0,0,0
0,0,0,0,0
0,0,0,0,0
0,0,0,0,0
0,0,0,0,0
0,0,0,0,0
0,0,0,0,0
0,0,0,0,0
0,0,0,0,0
0,0,0,0,0
0,0,0,0,0
0,0,0,0,0
0,0,0,0,0
0,0,0,0,0
0,0,0,0,0
0,0,0,0,0
0,0,0,0,0
0,0,0,0,0
0,0,0,0,0
0,0,0,0,0
0,0,0,0,0
0,0,0,0,0
0,0,0,0,0
0,0,0,0,0
0,0,0,0,0
0,0,0,0,0
0,0,0,0,0
0,0,0,0,0
0,0,0,0,0
0,0,0,0,0
0,0,0,0,0
0,0,0,0,0
0,0,0,0,0
0,0,0,0,0
0,0,0,0,0
0,0,0,0,0
0,0,0,0,0
0,0,0,0,0
0,0,0,0,0
0,0,0,0,0
0,0,0,0,0
0,0,0,0,0
0,0,0,0,0
0,0,0,0,0
0,0,0,0,0
0,0,0,0,0
0,0,0,0,0
0,0,0,0,0
0,0,0,0,0
0,0,0,0,0
0,0,0,0,0
0,0,0,0,0
0,0,0,0,0
0,0,0,0,0
0,0,0,0,0
0,0,0,0,0
0,0,0,0,0
0,0,0,0,0
0,0,0,0,0
0,0,0,0,0
0,0,0,0,0
0,0,0,0,0
0,0,0,0,0
0,0,0,0,0
0,0,0,0,0
0,0,0,0,0
0,0,0,0,0
0,0,0,0,0
0,0,0,0,0
0,0,0,0,0
0,0,0,0,0
0,0,0,0,0
0,0,0,0,0
0,0,0,0,0
0,0,0,0,0
0,0,0,0,0
0,0,0,0,0
0,0,0,0,0
0,0,0,0,0
0,0,0,0,0
0,0,0,0,0
0,0,0,0,0
0,0,0,0,0
0,0,0,0,0
0,0,0,0,0
0,0,0,0,0
0,0,0,0,0
0,0,0,0,0
0,0,0,0,0
0,0,0,0,0
0,0,0,0,0
0,0,0,0,0
0,0,0,0,0
0,0,0,0,0
0,0,0,0,0
0,0,0,0,0
0,0,0,0,0
0,0,0,0,0
0,0,0,0,0
0,0,0,0,0
0,0,0,0,0
0,0,0,0,0
0,0,0,0,0
0,0,0,0,0
0,0,0,0,0
0,0,0,0,0
0,0,0,0,0
0,0,2,1,0
0,0,2,0,0
0,0,0,0,0
0,0,0,0,0
0,0,0,0,0
0,0,0,0,0
0,0,0,0,0
0,0,0,0,0
0,0,0,0,0
0,0,0,0,0
0,0,0,0,0
0,0,0,0,0
0,0,0,0,0
0,0,0,0,0
0,0,0,0,0
0,0,0,0,0
0,0,0,0,0
0,0,0,0,0
0,0,0,0,0
0,0,0,0,0
0,0,0,0,0
0,0,0,0,0
0,0,0,0,0
0,0,0,0,0
0,0,0,0,0
0,0,0,0,0
0,0,0,0,0
0,0,0,0,0
0,0,0,0,0
0,0,0,0,0
0,0,0,0,0
0,0,0,0,0
0,0,0,0,0
0,0,0,0,0
0,0,0,0,0
0,0,0,0,0
0,0,0,0,0
0,0,0,0,0
0,0,0,0,0
0,0,0,0,0
0,0,0,0,0
0,0,0,0,0
0,0,0,0,0
0,0,0,0,0
0,0,0,0,0
0,0,0,0,0
0,0,0,0,0
0,0,0,0,0
0,0,0,0,0
0,0,0,0,0
0,0,0,0,0
0,0,0,0,0
0,0,0,0,0
0,0,0,0,0
0,0,0,0,0
0,0,0,0,0
0,0,0,0,0
0,0,0,0,0
0,0,0,0,0
0,0,0,0,0
0,0,0,0,0
0,0,0,0,0
0,0,0,0,0
0,0,0,0,0
184,1.016949,0,43.72882,0
0,8.571429,2,41.78572,0
113,12.5,0,41.25,0
109,6,0,37.2,0
117,6.666667,0,22.66667,0
0,4.444445,1,11.11111,0
0,0,2,7.368421,0
0,0,1,9.056604,1
0,4.5,2,10.5,2
0,8.333334,2,30,1
0,5.454545,0,40,0
0,4.186047,1,30.69767,1
0,3.636364,1,40,3
0,4.210526,2,52.63158,1
0,6,1,46,2
0,7.368421,1,40,2
0,3.050847,2,37.62712,2
0,0,2,32.72727,2
121,3.243243,0,34.05405,0
120,8.571429,0,25.71429,0
111,0,0,54.54546,0
111,0,0,37.5,0
113,0,0,0,0
116,0,0,45,0
119,5.454545,0,49.09091,0
0,5.333333,1,34.66667,2
0,2.307692,2,25.38461,2
116,6.486486,0,53.51352,0
119,4.897959,0,53.87755,0
120,9.375,0,43.125,0
113,7.924529,0,31.69811,0
0,4.444445,1,20,1
0,0,2,20,1
0,2.068965,1,22.75862,1
0,2.352941,1,20,1
0,0,1,17.89474,1
0,0,1,20.37736,1
0,0,1,9,1
113,0,0,26.53846,0
113,5.142857,0,42.85714,0
113,18.26087,0,43.04348,0
109,12,0,38.4,0
110,11.02041,0,45.30612,0
114,1.052632,0,22.10526,0
0,2.608696,1,14.34783,1
0,0,1,22.5,1
0,4.210526,2,11.57895,1
0,1.071429,2,0,1
0,2.352941,2,28.23529,1
0,4,2,4,1
0,0,2,0,1
0,2,2,6,3
0,1,2,1,1
0,2,3,11,1
0,2.142857,2,3.214286,1
0,1.034483,2,0,2
0,1,2,1,1
0,4,2,2,1
0,4.137931,3,9.310345,1
0,3.103448,2,3.103448,1
0,1,2,0,1
0,1,2,5,1
0,0,2,0,1
0,0,0,0,0
0,0,0,0,0
0,0,0,0,0
0,3.103448,2,2.068965,1
0,0,2,0,1
0,0,0,0,0
0,0,0,0,0
0,0,0,0,0
0,0,0,0,0
0,0,0,0,0
0,0,0,0,0
0,0,0,0,0
0,0,0,0,0
0,0,0,0,0
0,0,0,0,0
0,0,0,0,0
0,0,0,0,0
0,0,0,0,0
0,0,0,0,0
0,0,0,0,0
0,0,0,0,0
0,0,0,0,0
0,0,0,0,0
0,0,2,1,1
0,1,2,2,3
0,0,2,1,1
0,0,2,0,1
0,0,0,0,0
0,0,0,0,0
0,0,0,0,0
0,0,2,1,1
0,0,2,0,1
0,0,0,0,0
0,0,0,0,0
0,0,0,0,0
0,0,0,0,0
0,0,0,0,0
0,0,0,0,0
0,0,0,0,0
0,0,0,0,0
0,0,0,0,0
0,0,0,0,0
0,0,0,0,0
0,0,0,0,0
0,0,0,0,0
0,0,0,0,0
0,0,0,0,0
0,0,0,0,0
0,0,0,0,0
0,0,0,0,0
0,0,0,0,0
0,0,0,0,0
0,0,0,0,0
0,0,0,0,0
0,0,0,0,0
0,0,0,0,0
0,0,0,0,0
0,0,0,0,0
0,0,0,0,0
0,0,0,0,0
0,0,0,0,0
0,0,0,0,0
0,0,0,0,0
0,0,0,0,0
0,0,0,0,0
0,0,0,0,0
0,0,0,0,0
0,0,0,0,0
0,0,0,0,0
0,0,0,0,0
0,0,0,0,0
0,0,0,0,0
0,0,0,0,0
0,0,0,0,0
0,0,0,0,0
0,0,0,0,0
0,0,0,0,0
0,0,0,0,0
0,0,0,0,0
0,0,0,0,0
0,0,2,1,3
0,0,2,0,3
0,0,0,0,0
0,0,0,0,0
0,0,0,0,0
0,0,0,0,0
0,0,0,0,0
0,0,0,0,0
0,0,0,0,0
0,0,0,0,0
0,0,0,0,0
0,0,0,0,0
0,0,0,0,0
0,0,0,0,0
0,0,0,0,0
0,0,0,0,0
0,0,0,0,0
0,0,0,0,0
0,0,0,0,0
0,0,0,0,0
0,0,0,0,0
0,0,0,0,0
0,0,0,0,0
0,0,0,0,0
0,0,0,0,0
0,0,0,0,0
0,0,0,0,0
0,0,0,0,0
0,0,2,1,3
0,0,2,0,1
0,0,0,0,0
0,0,0,0,0
0,0,0,0,0
0,0,0,0,0
0,0,0,0,0
0,0,0,0,0
0,0,0,0,0
0,0,0,0,0
0,0,2,1,1
0,0,2,0,1
0,0,0,0,0
0,0,0,0,0
0,0,0,0,0
0,0,0,0,0
0,0,0,0,0
0,0,0,0,0
0,0,0,0,0
0,0,0,0,0
0,0,0,0,0
0,0,0,0,0
0,0,0,0,0
0,8.571429,2,4.285715,1
0,2.222222,1,15.55556,1
0,2,2,7,1
0,0,2,3,1
0,0,2,0,1
0,0,2,5,1
0,0,2,2,1
0,1.052632,2,3.157895,1
0,0,2,0,1
0,0,2,1.034483,1
0,0,2,1,1
0,0,2,0,1
0,0,0,0,0
112,0,0,24.44444,0
111,2.142857,0,27.85714,0
111,2.181818,0,43.63636,0
117,6.666667,0,53.33333,0
122,6.818182,0,76.36363,0
122,11.73913,0,46.95652,0
119,15.71429,0,61.42857,0
113,0,2,56.60377,2
0,5.454545,1,36.81818,2
0,4.864865,1,30.81081,2
0,5.217391,1,43.04348,2
108,13.04348,0,44.34783,0
105,8.181818,0,42.27273,0
185,1.052632,0,49.47369,0
180,2.105263,0,55.78947,0
191,1.071429,0,42.85714,0
0,3.461539,2,33.46154,1
165,0,0,37.64706,0
161,2.181818,0,27.27273,0
0,0,0,0,0
0,0,0,0,0
0,0,0,0,0
0,0,0,0,0
0,0,0,0,0
0,0,0,0,0
0,0,0,0,0
0,0,0,0,0
0,0,0,0,0
0,0,0,0,0
0,0,0,0,0
0,0,0,0,0
0,0,0,0,0
0,0,0,0,0
0,0,0,0,0
0,0,0,0,0
0,0,0,0,0
0,0,0,0,0
0,0,0,0,0
0,0,0,0,0
0,0,0,0,0
0,0,0,0,0
0,0,0,0,0
0,0,0,0,0
0,0,0,0,0
0,0,0,0,0
0,0,0,0,0
0,0,0,0,0
0,0,0,0,0
0,0,0,0,0
0,0,0,0,0
0,0,0,0,0
0,0,0,0,0
0,0,0,0,0
0,0,0,0,0
0,0,0,0,0
0,0,0,0,0
0,0,0,0,0
0,0,0,0,0
0,0,0,0,0
0,0,0,0,0
0,0,0,0,0
0,0,0,0,0
0,0,0,0,0
0,0,2,3.050847,1
0,0,2,4,1
0,0,2,0,2
0,0,0,0,0
0,0,0,0,0
0,0,0,0,0
0,0,0,0,0
0,0,0,0,0
0,0,0,0,0
0,0,0,0,0
0,0,0,0,0
0,0,0,0,0
0,0,0,0,0
0,0,0,0,0
0,0,0,0,0
0,0,0,0,0
0,0,0,0,0
0,0,0,0,0
0,0,0,0,0
0,0,0,0,0
0,0,0,0,0
0,0,0,0,0
0,0,0,0,0
0,0,0,0,0
0,0,0,0,0
0,0,0,0,0
0,0,0,0,0
0,0,0,0,0
0,0,0,0,0
0,0,0,0,0
0,0,0,0,0
0,0,0,0,0
0,0,2,1,1
0,0,2,0,1
0,0,0,0,0
0,0,0,0,0
0,0,0,0,0
0,0,0,0,0
0,0,0,0,0
0,0,0,0,0
0,0,0,0,0
0,0,0,0,0
0,0,0,0,0
0,0,0,0,0
0,0,0,0,0
0,0,0,0,0
0,0,0,0,0
0,0,0,0,0
0,0,0,0,0
0,0,0,0,0
0,0,0,0,0
0,0,0,0,0
0,0,0,0,0
0,0,0,0,0
0,0,0,0,0
0,0,0,0,0
0,0,0,0,0
0,0,0,0,0
0,0,0,0,0
0,0,0,0,0
0,0,0,0,0
0,0,0,0,0
0,0,0,0,0
0,0,0,0,0
0,0,0,0,0
0,0,0,0,0
0,0,0,0,0
0,0,0,0,0
0,0,0,0,0
0,0,0,0,0
0,0,0,0,0
0,0,0,0,0
0,0,2,1,1
0,0,2,0,1
0,0,0,0,0
0,0,0,0,0
0,0,0,0,0
0,0,0,0,0
0,0,0,0,0
0,0,0,0,0
0,0,2,4,1
0,0,2,0,1
0,0,2,9,1
0,0,2,0,1
0,0,0,0,0
0,0,0,0,0
0,0,0,0,0
0,0,0,0,0
0,0,0,0,0
0,0,0,0,0
0,0,2,1,1
0,0,2,0,3
0,0,0,0,0
0,0,0,0,0
0,0,0,0,0
0,0,0,0,0
0,0,0,0,0
0,1.016949,2,1.016949,3
0,0,2,0,1
0,0,0,0,0
0,0,0,0,0
0,0,0,0,0
0,0,0,0,0
0,0,0,0,0
0,0,0,0,0
0,0,0,0,0
0,0,0,0,0
0,0,0,0,0
0,0,0,0,0
0,0,0,0,0
0,0,0,0,0
0,0,0,0,0
0,0,0,0,0
0,0,0,0,0
0,0,0,0,0
0,0,0,0,0
0,0,0,0,0
0,0,0,0,0
0,1,2,1,1
0,0,2,0,1
0,0,0,0,0
0,0,0,0,0
0,0,0,0,0
0,0,0,0,0
0,0,0,0,0
0,0,0,0,0
0,0,0,0,0
0,0,0,0,0
0,0,0,0,0
0,0,0,0,0
0,0,0,0,0
0,0,0,0,0
0,0,0,0,0
0,0,0,0,0
0,0,0,0,0
0,0,0,0,0
0,0,0,0,0
0,0,0,0,0
0,0,0,0,0
0,0,0,0,0
0,0,0,0,0
0,0,0,0,0
0,0,0,0,0
0,0,0,0,0
0,0,0,0,0
0,0,0,0,0
0,0,0,0,0
0,0,0,0,0
0,0,0,0,0
0,0,0,0,0
0,0,0,0,0
0,0,0,0,0
0,0,0,0,0
0,0,0,0,0
0,0,0,0,0
0,0,0,0,0
0,0,0,0,0
0,0,0,0,0
0,0,0,0,0
0,0,0,0,0
0,0,0,0,0
0,0,0,0,0
0,0,0,0,0
0,0,0,0,0
0,0,0,0,0
0,0,0,0,0
0,0,0,0,0
0,0,0,0,0
0,0,0,0,0
0,0,0,0,0
0,0,0,0,0
0,0,0,0,0
0,0,0,0,0
0,0,0,0,0
0,0,0,0,0
0,0,0,0,0
0,0,0,0,0
0,0,0,0,0
0,0,0,0,0
0,0,0,0,0
0,0,0,0,0
0,0,0,0,0
0,0,0,0,0
0,0,0,0,0
0,0,0,0,0
0,0,0,0,0
0,0,0,0,0
0,0,0,0,0
0,0,0,0,0
0,0,0,0,0
0,0,0,0,0
0,0,0,0,0
0,0,0,0,0
0,0,0,0,0
0,0,0,0,0
0,0,0,0,0
0,0,0,0,0
0,0,0,0,0
0,0,0,0,0
0,0,0,0,0
0,0,0,0,0
0,0,0,0,0
0,0,0,0,0
0,0,0,0,0
0,0,0,0,0
0,0,0,0,0
0,0,0,0,0
0,0,2,1,0
0,0,2,0,1
0,0,2,1,1
0,0,2,0,1
0,0,0,0,0
0,0,0,0,0
0,0,0,0,0
0,0,0,0,0
0,0,0,0,0
0,0,0,0,0
0,0,0,0,0
0,0,0,0,0
0,0,0,0,0
0,0,0,0,0
0,0,0,0,0
0,0,0,0,0
0,0,0,0,0
0,0,0,0,0
0,0,0,0,0
0,0,0,0,0
0,0,0,0,0
0,0,0,0,0
0,0,0,0,0
0,0,0,0,0
0,0,0,0,0
0,0,0,0,0
0,0,0,0,0
0,0,0,0,0
0,0,0,0,0
0,0,0,0,0
0,0,0,0,0
0,0,0,0,0
0,0,0,0,0
0,0,0,0,0
0,0,0,0,0
0,0,0,0,0
0,0,0,0,0
0,0,0,0,0
0,0,0,0,0
0,0,0,0,0
0,0,0,0,0
0,0,0,0,0
0,0,0,0,0
0,0,0,0,0
0,0,0,0,0
0,0,0,0,0
0,0,0,0,0
0,0,0,0,0
0,0,0,0,0
0,0,0,0,0
0,0,0,0,0
0,0,0,0,0
0,0,0,0,0
0,0,0,0,0
0,0,0,0,0
0,0,0,0,0
0,0,0,0,0
0,0,0,0,0
0,0,0,0,0
0,0,0,0,0
0,0,0,0,0
0,0,0,0,0
0,0,0,0,0
0,0,0,0,0
0,0,0,0,0
0,0,0,0,0
0,0,0,0,0
0,0,0,0,0
0,0,0,0,0
0,0,0,0,0
0,0,0,0,0
0,0,0,0,0
0,0,0,0,0
0,0,0,0,0
0,0,0,0,0
0,0,0,0,0
0,0,0,0,0
0,0,0,0,0
0,0,0,0,0
0,0,0,0,0
0,0,0,0,0
0,0,0,0,0
0,0,0,0,0
0,0,0,0,0
0,0,0,0,0
0,0,0,0,0
0,0,0,0,0
0,0,0,0,0
0,0,0,0,0
0,0,0,0,0
0,0,0,0,0
0,3.272727,2,13.09091,1
0,8.275862,1,16.55172,1
122,6,0,20.4,0
112,6.666667,1,48,2
0,3.396226,2,53.20755,2
0,0,1,41.63266,2
0,1.176471,2,25.88235,2
0,3.829787,1,35.74468,3
0,13.125,1,35.625,3
0,1.25,1,25,3
0,3.157895,1,31.57895,3
0,33.33334,0,30,0
0,2.608696,0,23.47826,0
0,2.5,1,45,3
0,2.790698,1,39.06977,3
0,2.790698,1,29.30233,2
0,8.4,2,25.2,2
0,6.976744,1,32.09303,3
0,5.217391,1,20.86957,2
0,11.16279,1,33.48837,2
0,2.727273,1,31.36364,2
0,4.615385,1,20,2
0,0,1,25.71429,2
0,1.463415,1,23.41463,3
0,1.5,1,34.5,3
0,11.37931,2,25.86207,2
0,5.106383,1,14.04255,2
0,6.545455,2,6.545455,2
0,1,2,3,1
0,2.033898,2,10.16949,1
0,16.07143,2,4.285715,1
0,10,1,12.22222,1
0,5.217391,2,7.826087,1
0,1.714286,2,18.85714,1
0,0,2,15,1
0,1,2,11,3
0,9.056604,2,20.37736,1
0,11.37931,2,23.7931,1
0,8.421053,2,26.31579,2
0,4.444445,2,14.44444,2
0,4.897959,2,9.795918,3
0,2.033898,1,16.27119,1
0,2.033898,1,12.20339,3
0,2.105263,1,12.63158,1
0,0,2,6,2
0,13.75,1,26.25,2
0,10.90909,2,28.36364,3
0,20,1,14,2
0,6.25,2,6.25,3
0,6.122449,1,19.59184,3
0,1.111111,2,16.66667,1
0,10,2,12.22222,1
0,9.818181,1,13.09091,2
0,15.25424,2,7.118644,1
0,10.52632,2,6.31579,1
0,1.276596,1,19.14894,2
0,4.090909,1,9.545454,1
0,2.5,1,18.75,2
0,5.106383,1,12.76596,1
0,5,1,26.25,2
0,1.176471,2,20,1
0,3.461539,2,21.92308,3
0,0,2,19.61539,2
0,4.528302,1,15.84906,3
0,4.705883,1,11.76471,1
0,4.528302,1,29.43396,1
0,3.428571,1,20.57143,1
0,6.792453,1,13.58491,3
0,3.6,2,18,1
0,5.769231,1,15,1
0,0,1,17.72727,1
0,2.790698,1,29.30233,3
0,1.090909,2,13.09091,3
0,3.272727,1,12,1
0,3.214286,2,11.78571,1
0,0,2,2,1
0,2,2,4,1
0,0,2,2,1
0,0,2,0,1
0,0,2,5,3
0,0,2,0,3
0,2.222222,2,2.222222,1
0,0,2,2.105263,1
0,0,2,1,2
97,0,0,5.333333,0
104,0,0,24.70588,0
99,6.382979,0,24.25532,0
0,3,1,16.5,1
0,0,1,22,1
116,15,0,35.45454,0
108,6.857143,0,34.28572,0
118,4.897959,0,39.18367,0
0,1.090909,2,5.454545,1
113,4.363636,0,22.90909,0
119,12,0,50.18182,0
115,20.52632,0,41.05263,0
0,1.538462,0,7.692308,0
0,3.103448,3,7.241379,1
0,1.25,1,18.75,1
0,3.913043,1,15.65217,1
0,3.529412,2,20,1
0,2.926829,1,19.02439,1
0,1.333333,1,30.66667,2
0,6.521739,1,32.6087,2
0,9.767442,1,22.32558,3
0,2.5,1,30,3
0,3.396226,2,20.37736,2
0,1.176471,1,15.29412,3
119,32.72727,0,16.36364,0
120,32.72727,0,21.81818,0
113,25.45455,0,41.81818,0
0,4.137931,0,24.82759,0
0,3.529412,2,15.29412,3
0,10.43478,1,16.95652,3
0,18.11321,2,22.64151,1
0,0,0,0,0
0,0,0,0,0
0,0,0,0,0
0,0,0,0,0
0,0,0,0,0
0,0,0,0,0
0,0,0,0,0
0,0,0,0,0
0,0,0,0,0
0,0,0,0,0
0,0,0,0,0
0,0,0,0,0
0,0,0,0,0
0,0,0,0,0
0,0,0,0,0
0,0,0,0,0
0,0,0,0,0
0,0,2,1,3
0,0,2,0,1
0,0,0,0,0
0,0,0,0,0
0,0,0,0,0
0,0,0,0,0
0,0,0,0,0
0,0,0,0,0
0,0,0,0,0
0,0,0,0,0
0,0,0,0,0
0,0,0,0,0
0,0,0,0,0
0,0,0,0,0
0,0,0,0,0
0,0,0,0,0
0,0,0,0,0
0,0,0,0,0
0,0,0,0,0
0,0,0,0,0
0,0,0,0,0
0,0,0,0,0
0,0,0,0,0
0,0,0,0,0
0,0,0,0,0
0,0,0,0,0
0,0,0,0,0
0,0,0,0,0
0,0,0,0,0
0,0,0,0,0
0,0,0,0,0
0,0,0,0,0
0,0,0,0,0
0,0,0,0,0
0,0,0,0,0
0,0,0,0,0
0,0,0,0,0
0,0,0,0,0
0,0,0,0,0
0,0,0,0,0
0,0,0,0,0
0,0,0,0,0
0,0,0,0,0
0,0,0,0,0
0,0,0,0,0
0,0,0,0,0
0,0,0,0,0
0,0,0,0,0
0,0,0,0,0
0,0,0,0,0
0,0,0,0,0
0,0,0,0,0
0,0,0,0,0
0,0,0,0,0
0,0,0,0,0
0,0,0,0,0
0,0,0,0,0
0,0,0,0,0
0,0,0,0,0
0,0,0,0,0
0,0,0,0,0
0,0,0,0,0
0,0,0,0,0
0,0,0,0,0
0,0,0,0,0
0,0,0,0,0
0,0,0,0,0
0,0,0,0,0
0,0,0,0,0
0,0,0,0,0
0,0,0,0,0
0,0,0,0,0
0,0,0,0,0
0,0,0,0,0
0,0,0,0,0
0,0,0,0,0
0,0,0,0,0
0,0,0,0,0
0,0,0,0,0
0,0,0,0,0
0,0,0,0,0
0,0,0,0,0
0,0,0,0,0
106,20,0,20,0
120,0,0,0,0
121,50.76923,0,4.615385,0
125,0,0,0,0
126,12.85714,0,12.85714,0
127,20,0,20,0
125,0,0,0,0
124,0,0,0,0
124,120,0,0,0
124,0,0,0,0
0,7.058824,0,12.35294,0
0,18.46154,0,9.230769,0
0,2.727273,1,19.09091,1
0,10.38462,2,17.30769,1
0,6.122449,1,19.59184,1
0,1.090909,3,14.18182,1
0,1.153846,2,1.153846,2
0,0,2,2.068965,2
0,0,2,3,1
0,0,2,3,1
0,1,2,2,1
0,0,2,0,1
0,0,0,0,0
0,0,0,0,0
0,0,0,0,0
0,0,0,0,0
0,0,0,0,0
0,0,0,0,0
0,0,0,0,0
0,0,0,0,0
0,2.033898,2,2.033898,1
0,0,2,0,1
0,0,0,0,0
0,4.8,2,2.4,1
0,8.571429,2,17.14286,1
0,10.71429,0,21.42857,0
0,13.04348,0,15.65217,0
0,3.157895,0,28.42105,0
0,8.181818,0,24.54545,0
0,25,0,31.66667,0
0,1.333333,1,12,1
0,8.275862,1,8.275862,1
0,19.09091,0,24.54545,0
0,6.31579,0,12.63158,0
0,3.333333,0,10,0
0,29.45455,2,21.81818,1
0,37.5,2,20,1
0,0,0,13.33333,0
0,16.66667,0,23.33333,0
0,13.17073,1,27.80488,1
0,5.106383,2,10.21277,1
0,1.052632,2,2.105263,3
0,7.5,2,5.625,3
0,0,0,20.52632,0
0,0,0,10.76923,0
0,0,0,12.97297,0
0,0,0,23.57143,0
0,0,0,22.94118,0
0,0,0,14.11765,0
0,4.186047,1,30.69767,3
0,0,3,11,2
0,1.052632,2,8.421053,1
0,0,2,2.222222,1
0,13.5,2,6,2
0,1.071429,1,22.5,2
0,13.09091,2,14.18182,1
0,5.217391,1,11.73913,1
0,4.186047,1,11.16279,1
0,8.076923,2,25.38461,1
0,5.882353,2,15.29412,1
0,0,0,0,0
0,0,0,0,0
0,0,0,0,0
0,0,0,0,0
0,0,0,0,0
0,0,0,0,0
0,0,0,0,0
0,0,0,0,0
0,0,0,0,0
0,0,0,0,0
0,0,0,0,0
0,0,0,0,0
0,0,0,0,0
0,0,0,0,0
0,0,0,0,0
0,0,0,0,0
0,0,0,0,0
0,0,0,0,0
0,0,0,0,0
0,0,0,0,0
0,0,0,0,0
0,0,0,0,0
0,0,0,0,0
0,0,0,0,0
0,0,0,0,0
0,0,0,0,0
0,0,0,0,0
0,0,0,0,0
0,0,0,0,0
0,0,0,0,0
0,0,0,0,0
0,0,0,0,0
0,0,0,0,0
0,0,0,0,0
0,0,0,0,0
0,0,0,0,0
0,0,0,0,0
0,0,0,0,0
0,0,0,0,0
0,0,0,0,0
0,0,0,0,0
0,0,0,0,0
0,0,0,0,0
0,0,0,0,0
0,0,0,0,0
0,0,0,0,0
0,0,0,0,0
0,0,0,0,0
0,0,0,0,0
0,0,0,0,0
0,0,0,0,0
0,0,0,0,0
0,0,0,0,0
0,0,0,0,0
0,0,0,0,0
0,0,0,0,0
0,0,0,0,0
0,0,0,0,0
0,0,0,0,0
0,0,0,0,0
0,0,0,0,0
0,0,0,0,0
0,0,0,0,0
0,0,0,0,0
0,0,0,0,0
0,0,0,0,0
0,0,0,0,0
0,0,0,0,0
0,0,0,0,0
0,0,0,0,0
116,7.118644,0,30.50848,0
0,2.352941,1,11.76471,2
100,12.5,0,20,0
0,8.888889,2,25.55556,1
0,5.263158,2,22.10526,1
116,6.923077,0,25.38461,0
0,4,1,42.66667,2
0,13.33333,1,14.44444,3
0,6.122449,2,4.897959,2
0,14.73684,2,15.78947,1
0,6.792453,2,21.50943,1
0,12.45283,2,6.792453,1
0,15.27273,2,17.45454,2
0,16,1,12,1
0,10.58824,2,21.17647,1
0,11.37931,1,11.37931,1
0,4.210526,1,11.57895,1
0,5.454545,3,12,1
0,3.272727,1,10.90909,1
116,3.529412,0,12.94118,0
116,7.659575,0,16.59575,0
0,1.071429,2,24.64286,1
0,1.052632,1,28.42105,1
0,3.272727,2,29.45455,2
0,4.186047,1,36.27907,2
0,1.363636,1,34.09091,3
0,5.333333,1,20,2
0,9.230769,2,36.92308,3
0,6,2,30,2
0,5.172414,1,21.72414,3
0,4,1,33.33334,2
0,0,1,16,2
0,0,1,21.05263,1
0,2.44898,1,28.16327,1
0,0,2,23.15789,1
0,0,2,21.92308,1
0,0,1,14,1
0,2.608696,1,16.95652,1
0,2.222222,1,10,1
0,3.157895,2,11.57895,2
0,2.033898,2,11.18644,1
0,0,1,18.21429,1
0,0,2,13,1
0,2.068965,1,16.55172,1
0,0,2,15.78947,1
0,2.5,1,18.75,1
0,5.769231,2,32.30769,1
0,0,1,18.30508,1
0,1,2,11,1
0,0,2,8,1
0,0,1,20.68966,1
0,0,2,14,2
0,2,2,5,1
0,3,3,7,1
0,0,2,5.084746,1
0,6.31579,3,6.31579,1
0,1.034483,1,11.37931,1
0,3.829787,1,14.04255,1
0,1.22449,1,17.14286,1
0,6.666667,2,26.66667,1
117,11.32076,0,27.16981,0
118,11.11111,0,28.88889,0
117,4.186047,0,44.65116,0
108,17.64706,0,17.64706,0
123,4.705883,0,38.82353,0
0,4.363636,2,28.36364,2
0,4.897959,1,39.18367,2
0,31.76471,2,21.17647,2
0,12.5,1,33.75,2
0,13.44828,2,26.89655,2
0,3.050847,1,13.22034,2
112,0,0,21.42857,0
0,1,2,3,3
0,0,2,14,2
0,4,2,3,1
0,1,2,4,1
0,8.571429,2,4.285715,1
0,3.050847,2,2.033898,1
0,1.034483,2,0,1
0,0,2,4.210526,1
0,4,2,11,2
0,1.034483,3,13.44828,1
0,2,3,9,3
0,0,2,5,2
0,0,2,2,1
0,2.264151,2,24.90566,1
0,2,1,15,1
0,5.084746,2,3.050847,1
0,3.214286,2,8.571429,1
0,1,2,4,1
0,2.033898,3,7.118644,1
0,1,2,1,1
0,1,2,4,1
0,4.067797,3,6.101695,1
0,1,2,2,1
0,2.068965,2,2.068965,3
0,1.034483,2,1.034483,3
0,0,2,1,2
0,1.090909,2,4.363636,1
0,2.222222,2,2.222222,1
113,34.66667,0,40,0
112,29.23077,0,41.53846,0
114,15.91837,0,62.44898,0
111,12.85714,0,32.85714,0
114,10.58824,0,31.76471,0
116,12.27273,0,46.36364,0
109,6.818182,0,32.72727,0
115,11.73913,0,37.82609,0
108,5.106383,0,38.29787,0
112,5.106383,0,53.61702,0
0,8.75,1,26.25,2
0,2.857143,1,21.42857,2
0,0,1,17.83784,2
0,0,2,40,3
0,3.333333,2,28.88889,2
0,5.660378,2,10.18868,3
0,4.615385,2,26.53846,2
0,4.444445,2,24.44444,2
0,3.461539,2,21.92308,2
0,7.5,2,36.42857,3